0,1,2,3,4,5,6,7,8
1.0,0.021895019617419853,0.48231056993232907,-0.5944534173521598,-0.6242099468528893,1.0,0.02925368100174618,0.3389365305212475,0.14987540541230132
0.0,1.6384303411207248,0.8166184387834383,0.6286969235879594,0.9611050914720768,1.0,,,
1.0,0.5419427787046018,0.8952040998317987,0.5449895896907628,0.6365361638708122,1.0,,3.689461159304142,
1.0,1.9806069903397678,0.6889080434207231,0.22152512509990266,1.3625747068470795,1.0,,,
1.0,0.032306461556081634,0.4402992537189791,-0.3442053767085788,0.09569614277734712,0.0,0.020247272726349144,,0.11429984957443488
1.0,0.19468092405876086,-1.386605264871016,0.9501732135897175,0.89483320923689,1.0,0.5561592925970854,1.7912254716641394,
0.0,-0.1673733961269699,-1.515881582351003,0.804004631900832,0.6727361543424559,0.0,0.008529622318868802,-0.23893610451755887,
1.0,-0.7224213035702345,0.6462536883837358,-0.3688571443877011,-0.4046458435734507,0.0,0.1533882203733054,,-0.3604041342582919
0.0,-0.31890940750701313,-0.681617167327882,-0.4243427535360249,-0.09233363553181262,1.0,0.05349978117395429,,
0.0,-0.20392385219900955,-1.0680167499757633,2.5612836089995197,2.1680320568828058,0.0,,,
0.0,1.0754990648289868,0.49786708078412184,1.0462662770107531,1.9096771890287263,1.0,,,
0.0,-0.7514102780224494,-0.7207493659992179,0.935340322276629,1.0408327526616852,0.0,0.05080590770887397,,
0.0,-0.7150892582195518,0.00229859293341228,-0.04692096305485533,0.8414341211454888,0.0,0.0013357131660360678,0.095206213848096,0.03654740984031713
0.0,1.1628469309354754,-0.25113134171609247,-0.4867099994900234,-0.6275089479117918,1.0,,,
1.0,1.2819596934226727,1.45186188079945,0.09715365916251298,0.7527686595937277,1.0,,,
0.0,-0.4366170578140778,-0.05740809830303689,0.46491450711828736,1.6829954541191725,0.0,0.5470669897215924,,
0.0,2.2997755245670612,0.40741922022635896,-1.11732438251391,-0.234207844963354,0.0,,,0.6062707086534821
0.0,1.6625671283329073,-0.3929467438655894,0.28937691659284415,0.13323097984925836,0.0,0.5727273109419305,,0.7567874939122148
1.0,0.2522866279938855,-0.8131328336245163,0.8372407645696741,0.5952826633986847,1.0,,,
0.0,-1.1331604147783274,-3.1802906988888076,-1.04620251752408,-0.012998881953108943,0.0,,-6.94718087412485,-2.402723247775158
1.0,0.6276686227839037,-1.2973949632560942,0.29462710210971765,1.499047478179766,1.0,,,
0.0,-0.16572629070203837,-0.07770576487320052,-1.7179995702512287,-0.6313325449916952,0.0,1.3444852090956791,-3.2409501976851987,-1.1595193871150578
0.0,-0.4231206066803256,-1.5059514332635975,0.523399195559607,1.1807107376194992,1.0,0.12013674719008627,0.8584851180417796,
0.0,1.4363722767052596,-1.1750739772837557,3.46486796846805,4.163958159186221,0.0,,,
0.0,0.3588876523317577,0.27882475095540354,-0.8185454981044445,0.2733775791906741,1.0,,,
0.0,-0.10942467945563394,-0.6072217372456916,-0.018624923281589278,2.263954332713452,0.0,0.46737433845271825,,
0.0,0.5507253457433818,0.38168470692391837,1.776226668906596,1.4795708901031484,0.0,,,
0.0,1.3220680015652908,0.574503287116545,1.117372555002696,1.8704224146745312,0.0,,,
0.0,0.5991603394564112,-0.8427398613137482,-0.016298605925687864,0.5170468865460526,1.0,,,
1.0,-0.2551412776961757,-1.7233917727938455,-0.08211739169474826,1.297124400189459,0.0,0.11338675562053592,-0.8869249139496874,-0.31644280089719984
1.0,-0.5601440674465725,-2.01916529710724,0.301314663067396,-0.6286975741742807,0.0,,-3.6294437338147834,-1.2742181402971289
1.0,-0.6929889952543606,-0.3938979451698515,0.01348949070573472,0.5783702497406729,1.0,0.06457525642381583,,
0.0,-1.8135319972968,-3.140849153220956,1.0769204508521588,0.3603452964094538,1.0,,-2.9194839786470608,-1.1256882297785065
0.0,-0.2638840559905199,-0.04153276411215123,0.3986330966225802,1.2293894533752372,0.0,0.3498571833502946,1.4746625257604142,
1.0,0.28490701259294376,-1.1755567244797736,-0.06667704415054267,0.6618350558582878,1.0,0.10787192956498619,0.8065954086534888,
1.0,1.460996347118519,-2.0901649377189218,1.6447313106271837,0.5590537367223498,1.0,,2.615685935573008,
0.0,1.2260104603437687,0.3971590761893054,0.3020093834224444,-0.22299123138464394,1.0,,,
1.0,2.1790486604881854,0.40584001967687494,-0.2581025810350591,0.34942806870458293,0.0,,,1.2211162935939346
0.0,1.5354126448755896,1.228056927051054,0.5276173548715181,0.8360428080519036,1.0,,,
0.0,0.9351033641549338,-1.4487399551570157,-0.2958416328758737,0.4581547470773376,0.0,0.024685637070254826,-0.4090241526391525,-0.15711663524355046
0.0,2.7794345164300847,-0.36598775378696763,0.6665550786208155,0.44469113833648166,1.0,,,
1.0,-0.8844158003372677,-0.7383598458371209,-0.03653786420637814,-0.27257554591504707,1.0,0.18317085396286423,-1.112270580798413,-0.3936416490083833
1.0,-0.40164133645504396,1.0146608958752568,-0.4913626788756369,0.5453934794155534,1.0,,,
0.0,1.4381475546366331,0.8184834833907422,1.1691791540482968,2.1381150117345546,0.0,,,
0.0,0.6213693265475277,-0.24191328037697885,1.1115719743931973,1.9634652196846507,1.0,,,
0.0,0.3996031127653804,0.1401230308473615,-0.3577392183649012,0.27173643585022506,1.0,,,
1.0,0.5981852510501483,-0.04560069521383869,-0.0006399379529542247,0.441582462004975,0.0,0.2087611099556432,1.1433271063230803,0.4591755945960028
1.0,-0.2929824522579523,-0.35952983207911854,0.22251710857950832,0.3753893057345878,1.0,0.19319168493711514,,
1.0,0.03281766706300082,-0.382281954432367,3.6785165274978606,2.9052942065267353,1.0,,,
0.0,-0.17233305182016578,-1.6325942935046402,1.334709269304322,0.8701651048062309,0.0,0.031991525166909465,0.4489910544204345,0.17886174875279906
0.0,2.383871935341746,1.4431193105044096,-0.14374205746279675,0.44526006366796195,1.0,,,
1.0,-1.4023550521999821,-0.8995512980518914,-1.2583491560199853,0.8331560436306722,0.0,,-3.3861487348255115,-1.1899480222163388
0.0,2.0848844762922214,0.8324088960516594,1.8822520374274352,2.0289132688425955,0.0,,,
1.0,2.539625653840975,-0.010622109895711718,-0.40991265530326404,0.4954346354954018,1.0,,,
0.0,1.5837979858517124,1.5442349469264125,0.20531308728263142,1.3406252709828843,0.0,,,
0.0,1.471032472533748,1.8916135680720478,0.1706027970554839,0.792041839774587,1.0,,,
0.0,0.3706994175436352,-1.031280988533717,-2.059065263754205,-1.0617583578911738,0.0,,-4.799210115333169,-1.6910958122407154
0.0,0.49785885472283753,-2.3952970314313213,-0.38856823507435484,0.028234390490903594,0.0,1.0195069000257344,-2.747022646666272,-1.0097063434611737
1.0,1.6464365112623485,0.5644410422286963,-0.9061996869973787,-0.31647047968679154,0.0,0.22260472095625822,,0.46729507076612253
0.0,0.15349378158561244,1.141570210049065,1.8716509184696224,1.659090741311752,0.0,,,
1.0,0.8929822719428604,0.04820971214902736,-0.08719204661580751,0.8077594330309371,0.0,0.5678279025747353,1.850552850993687,0.7613728661429131
0.0,-1.183907953284181,-0.35711352891989073,-1.3397747263762807,-0.5013568216737027,0.0,,-4.323140119618495,-1.5125448171909939
0.0,0.5277372391485036,0.6323504561324855,0.12037931098384456,0.5864705740341736,0.0,0.6970911857465426,2.0471396677072473,0.8349198678595104
0.0,2.1724155346611322,0.17194427708009313,0.682084482683211,0.6911353269676834,0.0,,,
1.0,1.2548465929272399,0.851725874668934,-0.5978725600195011,-0.6832679764925073,1.0,,,0.8459804263264726
0.0,0.1477989863468801,0.612903953247866,1.8124754356566006,2.2002821954606144,0.0,,,
1.0,0.182835101835567,0.7772095514771824,-0.050325121475419385,1.119046104503235,0.0,0.841571319213509,2.2139885363007354,0.9268146119715504
1.0,1.095430596761348,-0.11338532705427143,0.13640238998958806,1.4898023688415494,1.0,,,
1.0,0.23044916407672011,0.02239773117939997,-1.0017499197416646,0.6626639008970236,0.0,0.008347917177811186,-0.08845223716517352,-0.01999305795012627
0.0,0.7600331370678551,0.27426518578254283,-1.666854561030206,-1.511878148636971,1.0,0.26194601314573934,-1.334331449704377,-0.5118066169421214
0.0,-0.6927287353974765,-1.055121037093675,-0.25042693811904065,0.3669086126890574,1.0,0.07972513501451035,-0.7447212184533931,-0.28235639715528027
1.0,-0.05121908428040367,-1.640146423955859,0.6054786147585788,1.54971451762523,0.0,0.050932146630618555,0.5294235341150368,
1.0,0.5677448158219301,0.07837601758853852,0.6338659025372387,1.0871302956342086,0.0,,2.5521225075343805,
0.0,-0.2396788827627171,0.952667282736702,-0.8881949463209522,0.22943630584810493,0.0,0.0005881733631102545,0.06297873383409221,0.02425228572960176
1.0,-0.6269576767255063,0.3673040438561354,0.6196535928165504,1.311477004100227,1.0,,,
0.0,2.247509307045815,0.11330325846925421,-0.7841670379537798,0.45465040852103134,0.0,,,0.9084231590998273
0.0,1.541670014521557,-0.07800888958337182,-0.3469306760235123,-0.07976501646897971,0.0,,,0.4637450394532073
1.0,1.447755655590224,1.3074403609232161,-0.1829435368644624,-0.27460328981565074,1.0,,,
1.0,0.5291615418009332,-0.6395310586190401,-0.6149894272755262,-0.03810843228311911,0.0,0.12502891164475896,-0.8997649076043566,-0.3232856958178214
1.0,1.902899176519733,0.047307438135874624,-0.06843753413024063,0.4439757199429778,1.0,,,
0.0,0.30263446674434175,-0.3022086365509149,-0.8479280478975452,0.351169700836523,1.0,0.050736186712986235,0.5752394713496496,0.22524694606805712
0.0,-0.23046050266743257,-0.6031896893754454,0.6370194184312257,0.46631391303320546,1.0,0.3224190549062743,1.4125313894086884,
0.0,-1.055263085388307,-2.3144453814056125,0.05570701071220122,0.4690888042546636,0.0,,-3.509590974861027,-1.2722836159068969
0.0,1.278656023618137,-1.2135746156622762,0.0942318590057836,0.4051031355572685,0.0,0.0637131750864783,0.6384670560246277,0.2524146887296346
1.0,1.2608354387690688,0.3581939497030803,-0.0866488746408733,0.09527584477214779,1.0,,,
0.0,0.7325848503176446,-0.39528169379465916,-0.928721433957939,0.7135323293523895,1.0,,,
0.0,0.6210825563593432,-1.4877112764099687,-0.24164917755173054,1.104519916346384,1.0,0.19849963198223525,1.0964042941963263,
1.0,-0.8047064776659656,-0.6545426095697731,1.9286613407268485,1.0570932839055582,0.0,0.5098256321608643,,
0.0,1.1603037902159126,0.4815691327708727,0.1251861491956904,0.9572325515115567,0.0,,2.8715960284503703,
1.0,-1.2439448006831202,-0.5608148180811945,-0.01615277839174128,0.6097580985857781,0.0,0.29499568054021924,,-0.5207743796500798
0.0,0.7396538923291388,0.24036634247437444,-0.03514440569619184,0.7087971078681031,0.0,0.5469268364969854,1.8267545301760575,0.7395450199257549
0.0,1.0059535122294316,0.10062827601212593,1.0401055206095025,1.3976158510561336,0.0,,,
1.0,0.4712533415011679,-0.3263940497159398,-0.9560029333668237,-0.04854922113623805,0.0,0.154218939645708,,-0.3664066547751951
0.0,0.9089608311394961,-1.6875895967243006,-1.3480336579179648,-0.3931959741859644,0.0,1.2699372688804864,-3.0944066590435746,-1.1269149341811415
1.0,2.24975497310682,1.369888918251021,0.4194645170981098,1.1782793251454668,0.0,,,
0.0,0.34553492775450934,0.012534367135245472,0.43877795420567406,0.7705114326909777,0.0,,1.739011564183426,
0.0,-0.4494220411122416,-0.5491636707035237,0.4826168084682125,-0.25049059224972936,1.0,0.010908233439335203,0.26972484012941833,0.10444248866881323
0.0,0.9716124214369894,-0.5288657004881298,-0.0133429859243329,0.10066295610683057,0.0,0.05619413940938916,0.6085749089625421,0.23705303079562
0.0,-0.5563931257332564,-1.6072410696079842,0.44083395086570437,1.746679654462286,0.0,0.00011404524426321672,,
1.0,1.9749495436067328,1.9581348903675153,-0.15061690306252054,0.5018168643699098,1.0,,,
0.0,0.0027279269275423124,-0.10808962124868049,0.21451942508917005,1.4208178220796976,1.0,1.2801552596014352,2.682555256499888,
1.0,0.9080592545979416,-1.5850638832622839,-1.3237293856393526,-0.035828728807654864,1.0,0.2045301063941743,-1.1911683490490867,-0.43186310100153025
0.0,0.11922643111150166,-1.1041435115027092,-0.5046297187787453,0.6220871614558213,0.0,0.15049724461262648,-1.0369695581093583,-0.3879397435332276
0.0,0.4388601629212233,0.03236462224563863,-1.0293077460829707,0.35589528467230913,0.0,0.008175971284973493,-0.23728792152217568,-0.09042107765877105
0.0,-0.42381574772213504,-0.41624120437208206,-0.08549406526974576,0.26776319686662287,0.0,0.08653696335892816,,-0.29417165628069636
1.0,0.797851774917637,-0.37779308809916284,0.43026373940657875,0.520916460981125,0.0,0.3890777796662552,1.5461864945035435,0.6327481238728816
1.0,-0.30312458294523426,-2.2388689581981738,1.450055803949155,1.6780821941484532,0.0,0.0631684988977204,0.6449043455885279,
1.0,0.09444242400418235,-1.4305727732938183,-0.14690888383063527,0.9327579692065875,0.0,0.06108760182852404,-0.6355365650932351,-0.2244447703224536
0.0,0.9571289449864812,-1.966886773414758,0.06294667247289057,0.7056296299194087,0.0,0.011633705700208608,-0.27593424204571637,-0.10785965742671617
0.0,0.6037749927080464,-0.05820569510905699,-0.6319430730533477,0.028927198529147158,0.0,0.0006600218400848535,,-0.0256908902158886
0.0,1.3788666518435806,-0.004815200255519125,0.2762254653777696,1.0393428352757579,0.0,,,
0.0,0.5451534476953006,0.015829893093090186,1.6057668052837333,1.877932337816854,0.0,,,
0.0,0.7815179983285122,-1.135705884031258,0.18730150399843032,0.3746821051345598,1.0,0.2917541019072775,1.335558529081862,
0.0,0.7386672284402701,-0.5187415343341686,-0.16015814157899935,0.2599802076994313,1.0,0.34834683012459045,,
1.0,1.2665680687686838,-0.6735922150477449,-0.2891159378578876,-1.1334478912650416,0.0,0.14874286542535764,,-0.3459644618508346
1.0,1.1231396351139744,-0.1325537700370487,-1.060591808508602,-1.2702691323203141,1.0,0.029453377406340096,-0.37042725149074496,-0.12166394548585169
0.0,2.653993197788843,1.558620701506882,0.8289821509009399,0.36553998783534025,0.0,,,
0.0,1.7988955435976108,-0.18793769723437953,-1.3900360453988632,0.5766381638700206,1.0,,,
0.0,2.0130406240351,0.29573996048489665,-0.1497077831067079,0.539361368981757,0.0,,,
0.0,0.7249324659130159,-0.46283381095791615,-0.02638588090378659,1.719598023440367,0.0,0.7646480629575101,,0.8744415720661444
0.0,1.2464306551036135,0.08504973719503067,-0.792022621216018,0.008327088584403564,0.0,0.06001365049608551,,0.2449768366521323
0.0,-1.525281732155079,-1.8018578050643157,0.039195067162419016,0.4529772638290187,0.0,,-3.5111213219285697,-1.2678358774216751
0.0,1.0229598497086532,-0.12298983301409591,-1.2616904516036516,-0.9918259491275782,1.0,0.024999009133081108,,-0.15811074958104918
1.0,0.2594530669430148,-0.3247942993395466,1.6163030384015473,0.7153319485400691,0.0,1.0576628521199338,,
0.0,0.10333961937658243,-2.0845972524085945,-1.7070450614999129,0.04827488892024667,0.0,,-4.581007934193483,-1.6278699226674203
0.0,-0.854879433093062,-2.391218399001356,-2.2501600914237705,0.48550116186861414,0.0,,-6.401536275432345,-2.2408785475530317
0.0,0.3588401708601387,0.7869339966214552,1.8219744834782303,0.7396896953101973,0.0,,,
0.0,-0.23520410003052084,-0.5325232603791852,-0.19111381596495092,-0.2886245661121082,0.0,0.31123415573561125,,-0.5578836399605308
1.0,1.1143056383016239,1.3600699177729447,-0.2770306329760918,0.15068337927491904,1.0,,,
0.0,-0.10915713054497589,-1.1539695939689898,0.7169911819571598,1.0797801803709581,0.0,0.05695531989355951,0.6046713392016283,
0.0,-1.4037238163204444,-1.5473556441464567,-1.2141633951318964,-0.6539713654744711,1.0,,-4.828644555938985,-1.7080045237907477
1.0,1.7847615830574213,1.0890363860675538,-1.1391512097890595,0.17612812394613425,0.0,0.7648265744482549,,0.8832586289679716
0.0,0.19465927402139466,0.5303209415680459,-1.8891096450803546,-0.6596003975094372,0.0,0.6651980963781461,-2.2107398530290467,-0.8155967731533434
0.0,-0.28027355935174836,-1.4996542691366355,-0.7079789205417524,0.9952805644809065,0.0,,,-0.6675227227296447
0.0,1.1554054713448076,0.0697150264011992,-0.05144769148349423,1.1476275589158953,0.0,1.0776870770754823,2.4836516855917177,1.0381170825468011
1.0,-0.28640935088728914,-1.0798943454930428,0.36074620973861415,1.7697993579896312,0.0,0.14607666353944895,,
1.0,1.1085489257836771,-0.5968576172052433,-0.2810801685818693,0.25581488330369573,1.0,0.46148154799673335,,
1.0,-1.6548951272514039,-0.85476757717255,1.0311208865408614,2.214821207316206,1.0,0.6478347289932394,,
1.0,-0.013592474647569186,-2.2259013482258934,-0.6271940466767997,-0.204127556053172,1.0,0.8216649250207624,-2.4902857092189157,-0.8978915720698795
1.0,0.3095059926815093,-0.24718894275255385,-0.08125558786961035,-0.3568834168211086,0.0,0.03810779644653002,,-0.15362365502394484
1.0,0.38396436771874504,0.4059753223273184,-0.127304448303687,0.0301010180753849,0.0,0.10651999219574995,0.809263172348679,0.32403772982213763
1.0,-0.3938425945459638,-1.6267365596484005,0.13714700772118824,0.5669896745566491,0.0,0.3379060535147452,-1.576497847803748,-0.5665456714751984
0.0,0.3429113355303627,0.9184297407778665,0.006548826598469238,1.3696026226555769,0.0,,,
0.0,2.0768868233127638,-1.2579188362113303,-0.05609732404435033,0.5947147867739568,0.0,0.3686076507185896,,0.6071306702173671
0.0,0.06825157394383474,-0.16716897934245334,-0.4267132367520144,-0.003944223162424487,1.0,0.04425996146904561,0.541398437872452,0.21038051589689957
0.0,1.148348601525763,1.1386289931667772,0.46003809868670825,1.7246811361118022,1.0,,,
0.0,1.2849037622715629,0.05734959766666198,0.11667924018829032,0.737909220319332,0.0,,,0.9824575292662604
1.0,-0.19956153557287348,-1.2847325205232805,0.24852653961170731,0.01835664036806195,1.0,0.014475606403742292,-0.24502070942483206,
0.0,1.0463445390473747,-0.011528913157054899,-0.9182666972740468,0.3705019539599056,0.0,0.047443712443646896,0.5565221068471542,0.21781577638832067
1.0,-0.11861372538044213,0.8556205098942924,-0.8353426268510601,-1.5406670031649212,1.0,0.07996943270363246,-0.7343685215777422,-0.2563158780687292
0.0,-0.4289319247691805,-0.3074345550420135,-1.8279794616881717,-1.2761812697192316,1.0,,-3.511426011123927,-1.2703223872445375
0.0,1.4813825406431578,-0.4088798541828534,0.443577900013556,0.6623999180137478,0.0,,,0.9742460991384655
1.0,1.362505337460152,-0.5526953633675291,-0.06302951235216508,0.6988414302531096,1.0,,,
1.0,-1.3208197978905898,-0.6526422018693387,-0.17318201074403472,0.03633199584827784,1.0,0.2494595316500691,-1.3296930356580872,-0.4723119267590623
0.0,0.3385610543173364,0.5559404922559765,0.15677079665381874,-0.31225924752029155,0.0,0.10922807112524145,0.8458702309375452,0.33049670365261047
0.0,-1.4825520461878618,-2.8793348540976043,-1.2476731121199303,-0.3107195561446109,1.0,,-6.229875475323784,-2.2004159167162305
0.0,-1.2931532053260146,-0.43707341602100797,0.029104630892419374,0.8862306328187401,0.0,0.13280958494992395,-0.9676257328478008,-0.36443049399017635
1.0,0.2810706307627709,-0.44380250848662933,1.0108513966895099,1.7926578793281758,0.0,,,
1.0,1.611719276317805,-0.44214137538112047,0.913337027061512,0.6107061291515181,0.0,1.4838815729311814,,1.2306248301452145
1.0,0.670278077852344,-0.8264970148314639,0.2823589051477816,0.5238942922164995,0.0,0.09407449368022709,0.7576218927446292,0.3110036144063091
0.0,1.9281690524712285,1.5324012660619049,2.242216352683999,1.4670091029691137,0.0,,,
1.0,0.46850854878410353,1.3158283610602264,-0.736076153312351,-0.5270791548042163,1.0,0.48548089890167356,,0.7083940289925816
1.0,0.47175028761658155,-1.8545270497494872,-4.103378034440303,-1.1491506927877273,0.0,,-8.520015135231407,-2.923505374040272
1.0,1.576163734440081,-0.18415228438878584,-1.0978579768488044,0.5356894420459125,0.0,0.15998101210580645,,0.39629485253460733
1.0,2.02714123135127,1.1772824001809101,-0.7390010030554961,0.3971700710878453,0.0,,,
1.0,1.5773885174934361,0.005897102302328094,0.14408284959381143,0.5580400034482288,0.0,,,
1.0,0.5954182707352267,-0.2044618865031405,0.22284286203124892,1.9221849239702027,1.0,,,
0.0,-0.8031016643390363,0.28541038763579446,0.26361547130909163,0.9361696491361218,0.0,0.09305040233413941,0.776116940898325,
0.0,1.0608933742875832,-1.5044611852311465,0.21445208326173176,-0.42999890652498796,0.0,0.08688642020511778,-0.7738187217902663,-0.2947650254102713
0.0,0.8917317610234712,2.0098567649154413,-0.6288379811767452,0.12394818940463587,0.0,,,
0.0,0.5174718531598002,0.4660848112825186,-0.2456923096156303,0.11704752527403672,1.0,,2.02882672049571,
1.0,-0.1037166093919265,-0.9672933381327755,1.004468603821435,1.921103923151132,0.0,0.7300682210161448,,
1.0,-0.5701695449526825,-1.5133438707876092,-1.5216806457077614,-2.1766853257040113,1.0,,-6.092160825044125,-2.098191987325657
0.0,1.0473845821658356,0.3623021438224166,2.645365667570493,1.289380520485464,1.0,,,
1.0,0.1674352278238943,-0.9502570914569959,1.513291569454994,2.225694635891831,1.0,,,
1.0,-0.4238549911312859,-0.09417815821659398,-0.15753730168713453,0.4208624519083752,0.0,0.022946850228554326,,-0.09900548308452675
1.0,0.5445928148611814,0.22688038621488987,-1.0913524257634153,-0.06839933828311029,0.0,0.035112037255491294,,-0.15500675159785615
1.0,0.6094938967175223,0.7820669003914273,0.23023925009773852,1.1242328737627765,0.0,,2.910551236230201,
0.0,0.5787578435603377,-0.35546523081805004,1.0119057186548361,1.6035850615001555,0.0,1.6117382303578776,,
0.0,-0.5610446041099222,-1.1394880469748987,-0.24335323255822336,0.6180026190821927,0.0,,,-0.5929530219574803
1.0,0.7565264730630574,-0.7010410524053303,-0.2967165251643978,0.5568035122444458,0.0,0.030967938102238406,,0.16146376889008476
0.0,0.7959068119696935,-0.9496500980411955,0.6834930999455905,1.4756984941282505,0.0,,,
1.0,-0.8365539434612339,-2.3857141349413986,-0.0777811728677057,0.6136741537590938,0.0,1.391010131818474,-3.296371315215236,-1.1738807630619983
1.0,-1.5205673957386523,-1.826792083460746,0.11865399192882493,0.5407552808542564,1.0,0.5420355215924986,-2.0056568202845604,-0.722483330282228
1.0,0.8456260511376582,-0.8602803988309842,-1.3244098017064556,0.4748843448060607,1.0,0.008108254953247247,0.17272454361921,0.09088850750115793
1.0,0.5087355489677733,0.39230930451677376,-0.4024985093356897,0.916759536640426,1.0,,2.588481889148696,
1.0,1.8372967179884994,1.3283312637834326,1.0290039162726299,1.988393503449815,0.0,,,
1.0,0.1739701858868194,0.05471782496691463,0.8790779218200052,1.925567202633347,1.0,,,
1.0,0.7807729629063732,0.21799391372874805,1.4225428332413235,1.7044156729934468,0.0,,,
0.0,-0.5651398375328851,-2.214028758409625,0.1720673545693547,0.7259679180583661,1.0,0.15527918669115304,-1.0200909665276108,
1.0,-0.6209745099247255,0.2828784127433999,-0.23156486230671414,0.5455011246179515,1.0,,,
0.0,0.8452727782576342,1.2034028991011836,-1.0207259318454023,-0.12327292912918364,0.0,0.1636880284206219,1.0119003075538826,0.40458377182064753
1.0,0.5419095803310274,1.42100498403322,-0.5171887823859396,0.8459273640224757,1.0,,3.37519078250709,
0.0,1.0736644208132125,0.8737442728102198,-0.17908581289744957,1.3230115848843687,1.0,,,
1.0,0.9189431786998922,0.3385138491968149,0.8012641705253054,0.39065621857508526,0.0,,2.6372241175022695,
1.0,-0.745572087801404,-1.4276261970914947,0.6638400392091212,0.910857049433057,0.0,0.07146273665319006,-0.6968592209102125,
0.0,2.0434083879823364,1.741193026867151,-0.6407424440673865,0.30249544751765567,0.0,,,
1.0,-0.8904264273375369,-1.781170599446252,-1.2234633798786336,0.03850884794044673,1.0,1.6098308950550744,-3.525190909293679,-1.245425100857074
0.0,2.8123086526133187,3.3058077579013068,-0.12938422942784167,0.33527295213203195,0.0,,,
0.0,1.2086371175734203,0.03894044856655743,-0.3471026694586817,-0.35661049323546123,0.0,0.05915769786709876,,0.24322355532945153
1.0,1.304231733735787,-0.4290868247154591,-0.004291410756758614,0.8231848834995512,1.0,,,
1.0,2.1800646357863256,0.4123112373934847,-0.5897052012601746,-0.5512659886933645,1.0,,,
1.0,-0.27127597519302704,-1.0090417253905624,0.4759086208833542,1.110179964491702,0.0,0.030616594350971377,0.3577262121100032,0.15956385539986775
1.0,0.06250129054957348,-0.08319655865027326,0.5516195635717338,0.9244532115148297,1.0,,2.6284956483100537,
1.0,1.1385752409346352,-0.6953516189196518,-0.10756300733735462,2.4162458390857795,0.0,,,
1.0,1.6741437957806986,0.5970158890878878,1.1915145177864208,1.0083803488814855,0.0,,,
1.0,-0.11334000101426267,-1.8154461670322184,0.314927173355253,0.33111554827372275,1.0,0.003997723134636673,-0.31676604978121325,-0.10045959246593344
0.0,-0.3796069967770369,-2.279942878540684,-0.4947947691244298,-0.5704243849219027,0.0,,-4.748655641618708,-1.6657673500287866
1.0,0.44546107553547176,-0.8107233456450067,1.908044082288258,3.916703425626135,1.0,,,
0.0,-0.6527788443033309,-0.762409735059997,1.3151582465534333,3.5421024829857473,0.0,,,
0.0,0.5873683024038574,-1.3927147183597228,1.8657494695090981,2.248839726703179,0.0,,,
1.0,-0.0610054052639879,-1.9143639038563804,-1.7169405657916221,-2.874168338276593,0.0,,-8.627145711258649,-2.8972521481772833
1.0,2.3596315520311784,0.1041185057149207,-0.6192360251786192,-0.03437034062734501,0.0,0.7230223754692208,,0.8334621105904321
0.0,1.5730317041928417,1.0103085142963526,-1.8413832331344464,-0.1474179632228324,1.0,0.5085109386202811,1.6895540884202798,0.7130995292526009
1.0,-1.115006449618953,-0.6322639700981532,0.8938898442659825,1.2679340701393866,1.0,0.4196449973739908,,
1.0,-0.47135749434112717,-0.7393982381221751,-0.9745851382366632,-0.5121345681726482,0.0,,,-1.1842842128931381
0.0,1.6866937666672857,2.0057265686042105,0.3135215364160331,1.1151753071209434,0.0,,,
0.0,0.7956136597528934,-0.37341637202776107,-1.2101829002009123,0.2131659849634529,0.0,0.06608352083468207,-0.678780230713685,-0.2570671523837344
0.0,0.8797193935615539,0.35893737078614013,0.36771024633077143,0.6515656196897298,1.0,,3.3624092535786403,
1.0,-1.2397550075932484,-0.10641934976353723,-0.6335335324909817,0.8398535289731921,0.0,0.2628386748251313,-1.3699845682759149,-0.4871489050745865
1.0,-0.7707945293879546,-1.5853384826621706,0.07984338065750875,-0.30238339906925127,1.0,0.49292556224279455,-1.8990132099968156,-0.6792855888341361
1.0,1.2988037676006727,0.5035916531434488,-0.1691295036684839,0.9389384347020887,0.0,,2.74584109266935,1.1733407443531612
1.0,-0.5061325777870629,-0.6393281739141764,-0.3483966755915727,0.08858465606689098,1.0,0.04538683359814013,,
1.0,-0.23416386472254014,-1.3705069497977032,2.0505435027168417,0.9961269934037658,0.0,,,
0.0,1.8143222154687764,0.6349912178530706,0.20029673523066235,0.1841968438957896,1.0,,,
0.0,0.7277895287200233,0.8555792038002679,-1.2940300437076666,-0.8641373824235284,0.0,0.06607870763536032,-0.6719355905221233,-0.257057790458411
0.0,0.8359298549159295,-0.5888532713952749,-0.020506114227169598,0.1353995255166368,1.0,0.37099245335261666,1.510735404404199,
1.0,1.17146889380159,0.5677753397061553,1.6418314685603193,0.6725247322457568,0.0,,,
0.0,-0.6956505888434565,-1.7186769485580964,-1.5968480210535179,0.3617417583387177,0.0,,-4.624000665261378,-1.6320764112891089
1.0,-0.30501359134876693,-1.4489715036509019,-1.6187025428570885,-1.0338072324183654,0.0,,-5.713250747351062,-1.9409379703429797
1.0,1.3175177494837207,-0.8741806994872188,-0.10004577031335396,0.47138994765472153,0.0,0.15044534220097566,,0.386693632520543
0.0,0.5550143232506624,-1.5379003675557323,1.3378483765857745,1.5428236922044087,0.0,,,
1.0,1.181028606165137,-0.856307822728432,-0.630508692372137,0.95173282401946,1.0,0.5635924762486554,1.8007817186478503,
0.0,0.4675575606845983,-0.5380627440190984,-1.7507914376594491,-0.7444073635158147,0.0,1.3165673872258559,-3.1874079919185796,-1.14741770390118
0.0,1.3647390398386636,0.088919382721307,-2.5570898349032225,-0.8295796271124535,0.0,0.7473063357315253,-2.290286192561756,-0.864468817096097
0.0,0.8989127743165409,-0.6742085980445873,-0.7773006547301251,0.342035905632338,0.0,0.008867150965748602,-0.24630024549797025,-0.09416555084397174
0.0,0.18010007728684485,-0.7846674968809874,0.9391112482313719,1.5038767193963531,1.0,,,
1.0,1.5333998280404766,1.2138036201015547,-0.5170785324966545,0.40295961764068644,0.0,,,
0.0,1.088271860243033,0.08560148043089016,-0.11579327424175583,-0.2588965784868489,1.0,0.6474122446590164,1.9646930407166492,0.8046193166081811
0.0,0.8166474292187301,1.1434036033142807,2.1020591755254947,3.4101342519342865,1.0,,,
0.0,1.4698376852937403,0.9017798315360228,-0.19623391034716883,0.5613351406390494,0.0,,,1.2238978307724104
0.0,-0.7145008173779079,-1.2530022023484821,-0.2197976581608839,1.2514561023463417,0.0,0.17516101391387748,,
0.0,0.6682381861052402,0.7815169429157145,0.33079815281177655,0.4029077098042367,0.0,0.9535003804000584,2.3625197588021525,0.976473440703872
0.0,-0.6164572328431084,-1.1807105129341062,0.10790430631744201,2.8243724920764826,1.0,,,
1.0,0.4659903682537599,0.3844487346136292,-0.26889163743795874,0.3327246868498154,0.0,0.1779631406151399,1.0547717776703778,0.42536872577071944
0.0,0.3825971451326614,1.4530941068162428,-0.36131707385415524,0.8436370927952694,1.0,,,
1.0,-1.9137989687024066,-0.8222866369172501,0.8745476615175567,1.022046956145335,0.0,0.12488080444753531,-0.9833339877148604,
0.0,2.6454297015534562,0.72647951134777,2.900879740234477,3.4351327623785397,0.0,,,
0.0,1.2268578983664509,-0.30368351183655307,0.2524175068438697,1.52278833489762,0.0,,,
1.0,0.7374672017547687,0.26896610043244534,0.6680332890191648,0.5639716044662275,1.0,,,
1.0,1.002737032384108,0.07852665784903634,0.04485463968039168,1.4985691453871977,1.0,,,
0.0,2.700703331977032,-0.005887102264645783,3.5310816002668335,1.072233601499569,0.0,,,
1.0,0.06439299133176613,-1.9412497800265074,2.3666763756501887,1.1242184093120962,1.0,,,
0.0,1.2900242985964803,-0.13852782869689512,0.15028752180334923,0.6054753018336072,0.0,,,0.8529522862131864
0.0,1.2195935897099317,0.4031228351028951,0.1402063723565762,0.2961262512628454,0.0,0.8479365967699497,2.235737216741416,0.9208347282601528
1.0,0.46880180087776535,0.1844468102157169,0.7186942557831989,0.6007891000978963,1.0,,3.1226712448354754,
0.0,-0.2628621772860015,-0.5423918430291663,0.37483957180225275,1.2351119140593614,0.0,0.12950760221137486,0.9114550247751552,0.35987164685672973
0.0,2.683584925927867,0.056610446630474265,-0.22722212066963957,-0.38323328259386025,1.0,,,
1.0,-0.04384632042184,-1.3021696587405514,1.998380455853482,2.0421045788723986,1.0,,,
1.0,2.78405560907289,1.9398898265303608,-2.4266721784262417,-1.2773504294025289,0.0,0.27397287632780554,,0.5038143738561295
0.0,-0.6031735291157296,-1.540255728483477,-0.009734780942250438,0.8898772685193406,0.0,0.3191786926625823,-1.5126533396565462,-0.5649590185691191
0.0,0.19370054487918564,0.6543891332179137,0.5063226940606219,2.037820025569948,1.0,,,
1.0,-0.48823237566613886,-0.5703169248954679,-0.9513160197854148,0.3899656183469622,0.0,0.5298799076229705,,-0.7037087998539033
0.0,0.38096512188470527,-0.9705650879290599,0.3085593250973179,0.6632948960058287,1.0,0.38212536512562717,1.524188560642896,
0.0,1.9854945879827595,1.0696857001912932,0.5059736690070048,1.2334140412070822,0.0,,,
0.0,1.0618170469484132,0.02049216205433113,0.057298792591817006,0.8772629380646177,1.0,,3.1362907312145856,
1.0,1.5568667107335705,0.7712142534657183,0.8341360605754733,2.162301308660164,0.0,,,
1.0,2.11656630274624,-0.3302253617885798,0.027614651988052494,0.014787844704074016,0.0,0.7211039476344618,,0.8389709427057122
1.0,3.0906670184899765,0.9957341504426207,0.1556257171973977,0.49528464588102006,0.0,,,
0.0,2.5523226922209217,0.9447741662685611,-0.07576381026153019,0.7699817576457058,0.0,,,
1.0,-0.4250913679289463,-1.163449021312298,0.5764419150054982,-0.48365967931220044,1.0,0.056591473069155095,,
1.0,0.3999719137497957,0.25537242026005885,0.7213237345846418,0.8773099845026691,0.0,,2.444081973494413,
0.0,2.507385123434383,0.052300786734032434,-0.03363837848751326,0.589446038124318,1.0,,,
1.0,0.01858814715229673,-0.25938069780982576,0.43243546070369593,1.4007607245457263,0.0,0.5297250519875233,1.7658952547886235,0.7315859719515886
0.0,1.0215225147404614,0.10116373729584865,0.12434314828309515,1.442331296548375,0.0,,,
0.0,-0.23922329658139874,-0.9418703932428849,-0.09781071368461662,0.6450773333576887,0.0,0.08034735097129381,,-0.28345608296752745
1.0,-2.6784179582405145,-0.8412525132914717,1.7683237451219476,2.8322681038220696,0.0,0.2814189904237302,,
0.0,2.6062777794300978,1.4514480446766862,0.04706658153125165,0.27439853140490933,0.0,,,
0.0,0.4175456217929331,0.49795391178831266,-1.4520926317854181,-0.2841473575188509,1.0,0.0064267968428779465,0.20451754595022387,
1.0,0.601942507489086,-0.799383118061672,1.0173920148567142,1.935478137458892,0.0,,,
0.0,-1.912442434467848,-2.2862389300649983,-0.3120404090813885,1.438917252755993,0.0,,-3.722653383949313,-1.37375274444604
1.0,-0.7376459897741547,-0.5128182044667857,-0.32342454902132933,0.49014637649119197,0.0,0.24287671977262423,,-0.46543367476789643
1.0,2.0804791924103125,0.1488796757258461,0.6334552832234308,0.9510792651395319,0.0,,,
1.0,-0.1841635035128837,-2.166992527398871,-0.44176258683687925,0.34450760775362516,0.0,1.1632047207127691,-3.0079753829668654,-1.0709316944123237
1.0,-1.2636914116597207,-0.4276895415549454,1.3874592550295752,1.187465134615326,0.0,0.17618804046608588,,
1.0,-0.7920570905494928,-1.1256445384371865,0.22907932743696724,0.708600026751177,0.0,0.19513296018250095,-1.1687993471050602,-0.41550963322262247
1.0,1.2329201220697836,-1.7452957208004918,-0.009387857105194507,0.488017819880251,0.0,-0.0046460889049159074,-0.01618791138258336,0.010451944776757415
0.0,0.11313817340723764,0.1108863881787891,-1.234257065857034,0.485868354732537,0.0,0.05499155226424064,-0.6201271326067896,-0.23450277666637687
0.0,0.5369406314029224,1.7743137268204714,-1.5029215678061008,-0.8852215978675188,0.0,0.001182377742223495,,-0.03438572003351931
0.0,0.6609236417331154,0.8563882850370619,-0.06606412612326369,0.7363670089674366,0.0,,2.3610099282418386,
1.0,0.8807951652153079,1.0395225481613775,-0.5783261924111253,0.5564248645726274,1.0,,3.0297017413099647,
1.0,0.8357842158420516,1.8941759884354605,0.4600687004262393,2.338488810046591,0.0,,,
0.0,0.893042386407157,-1.0543333735247071,0.34576523976735185,0.1456874744843732,1.0,0.3538660440665143,1.4654662567347465,
0.0,2.083005144323902,0.7342275858838778,0.1406680315444287,1.0372413323184482,0.0,,,
1.0,0.2300120129717394,-0.5643509775990077,0.17642918467669425,0.574141990008122,0.0,0.044771398643204605,0.493256407282032,
1.0,0.8267850671370047,-1.9135597907010935,0.4869496024031233,1.0193901320099499,0.0,0.021652382349150248,0.4864611961433605,0.21662692790230234
0.0,2.3417323715110436,0.5415847172279902,0.07349466371320501,0.6428006070683003,1.0,,,
0.0,0.8777278507160347,-1.3006861137617882,-0.420448753129038,-0.12343080981982102,0.0,0.18695507635479786,-1.1537514996409404,-0.43238302042841337
1.0,1.319423047418996,-0.4859115063531189,-0.21783025189260538,0.6405534210614695,0.0,0.33651349918777923,1.4211308807858258,0.5837177516116564
0.0,0.34906031498782086,0.4534809527159816,-0.13414026131308063,0.6482302520474943,1.0,,2.488185496241746,
0.0,1.2593543201860877,-1.828112098310229,0.4532317043365781,1.7042330889958612,0.0,0.504797996034412,1.6875516075861325,
1.0,0.8950841569920467,-1.2161650739703012,-0.15950298634318735,1.0542131886419923,0.0,0.07619426669006286,0.6663162336092433,0.2814045125133423
1.0,-0.1385920584503716,-0.6257740829522958,-0.27615944929685576,0.2634704977720673,0.0,0.12964273078857347,-0.9266757443504234,-0.33167795421720886
1.0,0.235300269957471,0.3529085779017686,0.011969143776307152,1.6156194496459446,0.0,,,
0.0,2.9086762535823856,0.3727150843782983,-0.8591075363655327,0.9219090646473475,1.0,,,
1.0,0.6091876842355911,-0.25207678175520365,-1.4025801499985626,-0.037182368522335696,0.0,0.23302656717964804,-1.2823525084577936,-0.4638860163724578
1.0,0.48962548619665214,-1.2847320118607677,0.7979511842456114,2.0629956079814535,1.0,,,
0.0,0.706239596024222,0.8882399682941029,0.9595926695236748,0.7589617779657705,0.0,,3.404489623812818,
1.0,0.07117166757791582,-1.5451331920314864,0.06786893557279107,0.8177534221258873,0.0,0.06517989079089971,-0.6804871796135874,-0.24192431547258908
0.0,0.17402333679192594,-1.0804243472498039,2.646712123110421,2.836425254202255,1.0,,,
1.0,1.2924606348874557,0.31770066333317043,-0.08340993464462358,0.09324726956687074,0.0,0.5446788783821391,1.8108373189952482,0.7424763087026268
0.0,0.8890976317123314,-0.276087246500791,-0.6815258159701788,-0.7270359335991262,1.0,0.008359848923194324,,
1.0,-0.12406606671675735,-1.5671128613285368,-0.6393252747059064,0.745289051053467,1.0,0.06643027855760686,-0.6724666446814402,-0.23348867057631223
1.0,-0.1641352024244347,-0.21253321671669007,0.0775389217784447,0.5792631041413521,0.0,0.026503589588935977,0.3343870804683361,0.13990137784364765
1.0,0.21887020619513387,-0.7740809076119831,-0.03205894126178882,0.6964072086111438,0.0,,,
1.0,-1.0056932349982528,-2.363910168748513,0.16246893627537093,1.9310922378273325,0.0,0.30425646671285345,-1.4791750669001007,-0.5362314187922235
1.0,0.8632007503572069,-1.37999053471267,0.2143411516960283,0.6425166356016616,1.0,0.3659824068938891,1.4822094653464335,
0.0,0.8750973708598706,-0.4825073245042403,1.937983238851673,1.4315366688374966,0.0,,,
0.0,2.360472485684731,-0.23815912944983003,0.7118941404284725,1.099354686984797,1.0,,,
1.0,1.7559767940547573,0.5678753160401644,-1.0305999348025716,1.0702148631048942,0.0,1.1528150279744163,,1.086762304055443
0.0,1.922405812073486,0.5807481480609926,0.5224953223599489,1.0283252434386232,1.0,,,
0.0,-0.15891664989517906,-2.464304865186522,-0.7007963116217208,-0.34733962071626734,1.0,,-3.262364153095414,-1.194667368926149
0.0,0.807037798523351,0.9592783669554599,-0.77396178056305,0.601811349753408,0.0,0.5082728779186583,1.746758969897097,0.7129325900242309
0.0,-0.6596720376982006,1.0001849530079214,-2.367223982359949,-0.34153142109339873,1.0,0.3744175012722928,-1.5969091202735977,-0.61189664263852
1.0,0.05702898057421951,-0.45435453134765247,-0.23465818661669383,-1.7656810594195567,1.0,0.38007114398893344,-1.6615569537265582,-0.5993497974751217
0.0,-0.38518653061466934,-0.8828070566116997,0.34341573240305884,0.3771477306319643,0.0,0.059935948174430556,-0.6508114394785453,-0.24481819412460026
1.0,1.6832593478130726,0.726740803057333,-0.5974433339648417,0.02763652403611938,0.0,,,0.8465327708515842
0.0,-0.3523704234941809,0.7905918918505928,-1.0194087354039094,1.2263991061438637,1.0,0.5413443991005695,1.7798582889753474,
0.0,-1.0237880365445498,-0.8307195676365411,0.029402701737688403,0.488946331728242,0.0,,,-0.5975482785676118
0.0,0.3985997230230171,0.6845302103985633,0.4105171539135363,0.4750355365262061,1.0,,3.10632188691563,
1.0,-2.288021725272853,-0.7701299519689964,0.47934483993238636,1.286717669584922,0.0,0.29830915497233035,-1.5224860211543305,
0.0,0.44332342137165726,-1.4145615978950872,0.3105959086011824,1.071884774604544,0.0,0.03382407986046776,0.46623481239671927,0.18391324003580528
0.0,1.3394712082889428,0.3821597804289912,0.1155724459320697,1.1932227848843078,1.0,,,
1.0,-0.004680721210177374,-1.2219732931465574,1.423407639670159,0.5563766970145789,0.0,0.12894852185048394,0.8543830241252015,0.3611497475655306
1.0,1.19162662372669,-0.6451923222032789,0.1652934323554909,0.9023157604724996,0.0,0.5406989922470301,1.790700379241347,0.7448111919102582
0.0,1.0966717520900655,1.297406963804355,0.15196200410613525,0.4834144783884787,0.0,,,
0.0,1.463535222472801,-0.04358409981792716,-1.6944406911434264,0.3986250966848802,0.0,0.003081925872116348,0.14090583174106155,0.05551509589396615
0.0,-0.18489513589637974,0.5016557678415827,-0.042897902015095274,0.20088016200617043,1.0,0.43497331946331547,1.6378966134203639,
1.0,-0.05150681575850147,-0.07134157850916817,-0.04953741074763283,-1.4445155749812306,0.0,0.5193914907077439,-1.9676259159496117,-0.7058692769199224
1.0,-0.17037754590474952,-1.115812804277092,-1.3929823920598534,-0.8896334324258975,0.0,,-4.565325009719507,-1.5700584546053895
1.0,0.41019881414520065,-2.7353696054645096,0.43366948579627007,0.5364497001469258,0.0,0.2870668794154723,-1.5683029031985383,-0.5775915860079023
1.0,-0.2930197425313925,-1.6059132119212034,-0.25959035365234473,0.7113835999267076,0.0,0.41174020880681406,-1.7392337857301192,-0.6243459382142373
0.0,0.9542387487397381,-0.5716062955880816,-0.8238646122103843,0.38938010613784585,0.0,0.0005377270784219512,-0.06031108016798442,-0.023188943020801718
1.0,1.7517756287837938,0.4463738510111161,-0.017562975859651785,0.49301566579220896,1.0,,,
1.0,0.841171523292171,0.22503514163958577,1.0142652023327294,0.7491308152044195,1.0,,,
0.0,1.5914367908343348,0.05486225035554593,-1.1997237014830247,0.5546757149611053,0.0,0.20050073489474093,,0.44777308415618405
1.0,-0.726072879186888,-0.3826352722604614,-1.155027559485328,-0.6622596103110282,1.0,,,-0.8337737076942
0.0,-0.2196255133385514,-0.5528679583207846,-0.12404751775970371,0.6482984570946593,1.0,0.11302785804121199,0.8532690888949079,
1.0,-1.8647054028157135,-0.8265106507717976,0.1318997697645894,0.8237326143172373,0.0,0.5834385148270128,-2.0992788271031806,-0.7498674111101127
1.0,0.3256998717511039,-0.6834560751070369,0.1845416881946181,0.2374967130863967,0.0,0.009641236118139126,0.08844302512876775,0.045148368563621075
0.0,-0.24367847886300853,-1.1953209830322131,-0.21630519644217364,0.642776920139959,0.0,0.20504248412384324,-1.215628549493469,-0.45281617034271543
0.0,0.6166564108653998,0.1841590711615338,-3.4960214127378606,-0.06259666383967477,0.0,,-3.3023664633684184,-1.2333268139880873
0.0,2.390980814686147,0.14306953761651547,-1.0982843086107448,-1.1313861560111445,0.0,0.01852942320491211,,0.13612282396759187
0.0,-1.084364121427403,-0.554233491143985,-0.2696875014926337,0.025044098721773378,0.0,0.7093193443734604,,-0.8422109856641983
1.0,1.045226993974076,-1.7648888261304727,-2.1336102197661972,-0.22658067040410923,0.0,,-3.754244825812063,-1.3442296950246626
1.0,1.219856869234244,-0.5061848512589382,0.5643395887201506,1.4363894838137639,1.0,,,
0.0,2.487331125925145,0.8930970119605306,-1.4944357555116332,-1.2251869945474745,1.0,0.5516549072467513,,0.7427347489156214
0.0,-1.2732423576569216,-1.1851249703982387,0.9432710225986338,1.4476026981137415,0.0,0.0009110774064282623,-0.07662924847157186,
0.0,0.3282849534758353,-0.9795638387607912,-0.21139367854106433,-0.08813501843878124,0.0,0.1808070116984475,-1.1459559167960967,-0.4252140774932639
0.0,1.015848355859935,-0.7698526213735493,-0.7080568063869439,-1.5415739959940002,0.0,0.8029106970593664,-2.4409057283838522,-0.8960528427829278
0.0,0.19602974671421436,-2.4360040901581534,5.847748454142844,3.5863442109414714,0.0,,,
1.0,0.7739191597034957,-1.0210368673836696,0.36147094304566446,0.9680898344894558,1.0,,,
1.0,0.5414852161617583,-0.37936275420361837,-0.040741846592998676,1.0547040420144869,0.0,0.29234753501090793,1.333569946792653,0.5449781885016369
1.0,0.806901666940925,-0.40480290383957485,0.8844467263211969,0.46032666387895904,0.0,0.6258956176063305,1.9322178976677487,0.802657893564186
1.0,0.8401305396074568,1.1899456639747787,-1.3750252169925679,-3.365318023928975,0.0,,-3.159124819079199,-1.1717900303053366
0.0,-0.7050129329400128,-1.455382631627534,-0.07585174874727942,0.11130629291082034,0.0,0.9030748680391236,-2.630081042120934,-0.9503025139602249
1.0,0.9450263684312196,0.6159308732174933,-0.12968026312653788,0.8741717237233544,0.0,,2.4922358899168833,
0.0,0.3064112690914353,-0.9790309327294888,-0.30005900316437384,0.6599560137073628,0.0,0.019559091551763254,-0.3679191570242709,-0.13985382208492986
0.0,0.49481498886262076,-1.47853094402802,0.16038140936906925,-0.7552395039891312,0.0,0.4983792061312142,-1.914628443801489,-0.7059597765674857
0.0,-0.20698325637549442,-1.2023349027893777,0.3116422375415471,0.835624915601981,0.0,0.013734145951359623,-0.3062827671865008,-0.11719277260718643
1.0,-0.38610918454338616,-1.2197087401976174,-0.9587832894407653,-0.5492961159203656,0.0,,,-1.368651448802568
1.0,2.3050216080774737,0.4610438252483468,0.24269519157106756,2.033254429226898,0.0,,,
1.0,1.5160449814341954,-0.4886288002462282,0.3510797834619039,0.6042697205309246,0.0,,,0.9099573976671367
1.0,0.8076506354927737,-0.601595607300385,-0.21346570878949273,0.8673189113692514,0.0,0.16214505220827694,0.9900033905531762,0.40569840823488545
0.0,1.5049049155485048,-1.2393350102851728,1.6135491840097658,1.6134795601674323,1.0,,,
1.0,0.41040987293357367,0.12280846774865545,-0.3451485636433171,0.4134220763021688,0.0,0.08280804957863527,0.7061267887589431,0.28477239034313556
1.0,0.7428784501703839,1.3130391916756976,-0.010680332060047797,0.9989455651153336,0.0,,3.175369783669553,
1.0,0.7043638503475974,1.2888755971139036,0.8791653330938133,0.5521780102652166,0.0,,3.5163332522401403,
0.0,-0.013810727807727963,-0.6202423564877563,-1.8786947232936615,0.24292715570504797,0.0,1.0304171583439101,-2.797881431699918,-1.0150946548691457
0.0,0.6172834988261799,1.9810445398715057,0.9284949008462569,1.3326390592839061,1.0,,,
1.0,0.15145619552909695,1.229918870071576,0.04958074159087384,-1.268082117617102,1.0,0.2841444572788338,1.292187379326931,0.5465955243293332
1.0,1.0774810790507754,0.30978172896941275,1.4261309547074792,1.2101456929787016,1.0,,,
0.0,0.07729413876636876,0.26637282541934865,-0.07916625008558711,0.7620035233117901,0.0,0.21074218988492568,1.1627986310348086,0.45906665080892733
0.0,0.76900528884337,-0.3285454954950795,0.1391471421388763,0.179282209729346,0.0,,,
1.0,0.7105675350417151,0.28679870138207825,-1.6415086813775517,-1.0379717430991584,0.0,0.5528295935084764,-2.010953516634478,-0.7258209759274039
0.0,-1.9126480944589295,-2.282728957406354,-0.9537127279186249,-0.277162490613839,0.0,,-7.094546515303799,-2.426693787934387
1.0,-0.18924187305390183,-1.465772943678805,-1.864365984838365,0.2233319427149576,0.0,,-4.135986553093125,-1.4472999408796194
1.0,-1.0252635070583453,-0.686453270523204,2.1686779161103154,2.7114526802277212,0.0,,,
0.0,0.3573563643928188,-0.7535151649227265,0.11073898542397036,0.4816066766099362,0.0,0.007697856925357844,0.22798414651935245,0.08773743172305562
1.0,0.43918984569305697,-0.7536070863654873,-0.09757459628523159,0.586476638210043,0.0,0.015451779306901,0.21707035551909903,
0.0,-1.2863831449906837,-1.509359898848278,0.22957687524369505,1.4083134528148185,0.0,0.268124582288032,-1.3622354762631703,-0.517807476083565
1.0,-0.09561789032446866,-0.7799319544044341,1.7870348798742095,0.6613592917114077,0.0,0.529457885187334,,
0.0,1.8963768938128527,0.9481561753910945,0.5159352193713229,-0.32152149615519177,0.0,,,1.3590583215712477
1.0,0.802244176142455,-1.2469876882070887,0.11359088769946976,0.9109176197637822,0.0,0.07424973393761711,0.6732960146366396,
1.0,-1.4501805486116628,-1.2563683882667465,-0.4336105182248385,0.4309721899162472,0.0,1.4554247304618602,-3.3849724257439577,-1.185614791517248
0.0,1.0536308462608708,0.4605667938523625,-0.12517342080307955,1.3147944911758511,0.0,,2.845658107707818,
1.0,0.2706784067980661,-0.3425994215971996,-2.343352288804994,-0.5681778249717616,1.0,0.7428287055800296,-2.366264973103601,-0.8567907544212175
1.0,0.15363919091941225,-1.7257192827857073,0.6406362115046652,0.4883018478146453,0.0,0.028003733869247698,-0.5042408704821841,-0.17472563060385723
1.0,2.144956683273049,0.28225654784373816,-0.7682478706354468,0.4559898648935789,1.0,,,
0.0,0.4532946516902755,-1.6225305090179312,-0.3857351548115782,0.2783806017042075,0.0,0.3259366152029339,-1.5333559063732003,-0.5709085874314151
1.0,-1.3810628276839814,-0.8191105872730533,0.2480581663131659,2.676706883767522,1.0,0.6809120616963751,,
1.0,1.121251789712152,-0.5070528052450403,0.8905011451347298,1.4432016024418077,0.0,,,
1.0,0.4375438540012335,-0.5144869494500425,0.18345013979949182,1.4810446633842325,0.0,0.5283857323741018,,
0.0,-0.6314420895953303,-0.11268426332994025,0.25277890475188625,0.9184901908689633,1.0,,,
0.0,0.8446427718201003,-1.084543548620295,0.7563700964928554,0.5835555917911219,0.0,,1.2229020562652764,
1.0,1.988108274431259,0.2005561827324271,0.10926126746667945,0.583698782758186,1.0,,,
0.0,1.22564014044638,0.9437068181284969,1.2421691361677258,1.793787492282482,0.0,,,
0.0,1.67542897742438,0.30060493745521194,-0.0570581816551569,0.4365721514746438,0.0,,,
0.0,1.4798408177434428,1.2399744073559904,0.4039009286274497,0.19584262608001984,0.0,,,
0.0,-1.1867224229928,-1.1969736996323121,-0.7402489803221027,0.16532281991660014,0.0,,-3.7362763131160595,-1.3231361089204154
1.0,0.029589815808358733,1.2982432412117817,0.6679661307397512,1.0985445160278444,0.0,,3.21353126057428,
1.0,-0.613753717265227,-1.3692005179220206,0.8607108807891327,0.8647166416414839,1.0,0.11795536438616891,0.8284508667175653,
0.0,0.22692992935621115,-2.125747478454561,0.3770902742941882,1.165585877146408,1.0,0.08291077996202212,0.7066699580265166,
1.0,0.7197742181795308,0.24241538527604073,0.794300120793761,2.098676558728094,0.0,,,
1.0,0.43441964731259614,-0.8785348522107381,0.7850649821418079,0.9080474337691096,0.0,0.32484530969314607,1.400434299988817,0.5820120734420912
1.0,1.8708028735188034,1.2988136726003447,0.6338926786318234,-0.00054141138682684,0.0,,,
1.0,2.0956137578885548,0.679243483502102,-0.5454947207437851,-0.030357150169717406,1.0,,,
0.0,0.6952255880240719,0.08513927476603922,-1.1541843193546029,0.22816247453843774,1.0,0.14598039847216607,0.957829314527528,0.3820738128584136
1.0,1.0021357156546458,0.21926432675486413,-0.4508151658572614,-0.7690158395014141,0.0,0.012104885270908503,,0.02161921184416172
1.0,0.1952155571706431,1.6489654757807328,0.18577912449641523,1.3051686644749192,0.0,,,
0.0,0.2897112858639692,-0.33817706641327194,-0.2705172456888578,0.772851669455785,0.0,0.041199349059241476,0.5235063406185716,0.20297622781804142
0.0,-0.08419547002865124,-0.9016110592882765,-0.5797700266833399,0.9694119576938856,0.0,0.07108244565476203,-0.70601457743301,-0.2666129135183853
0.0,-1.7574038287462002,-1.7131519465371683,-1.2834684925145339,-0.18101020710245352,0.0,,-6.433195427111269,-2.207014511436435
0.0,0.44843741328914516,0.27461056305614967,0.5414628979660919,2.1284196879817445,0.0,,,
1.0,0.5425545818914776,0.45041021547574583,-0.8868337482392299,-0.30330830967870104,1.0,0.14125591172760477,0.9205763459252456,0.3832685304743705
0.0,1.038299366972551,-1.2661855501382562,-1.3491874272330413,-0.4532308498667289,0.0,,-2.4716744676206455,-0.9079797576349247
1.0,0.10165327458539103,-0.019963129540874924,-0.4187513304738977,0.20040630254232017,0.0,0.013447183816321859,-0.1504475456533772,-0.0478010793125133
1.0,-0.4592051837951554,-0.7916181404219538,0.5111716185603542,0.7728621237108382,1.0,0.22798718863572306,1.158672578574378,
0.0,-0.09242694369213678,-1.710486586761941,0.16332238653361786,0.8421782763016057,0.0,0.12717345628882482,-0.9394713922478946,-0.3566138756257597
0.0,1.2743345860307616,0.316136769351197,1.789096122638002,0.9737784687360698,0.0,,,
0.0,0.04781861240124474,0.2148814690767134,1.3185896161437487,2.391190991722486,1.0,,,
1.0,-0.12603194803753204,-2.6028013046386467,-1.4442983913454406,-0.5878321263807672,0.0,,-6.129249295077035,-2.09787604854862
1.0,1.5456108770284005,-0.21253476773932317,1.4238214362203618,1.4112655065579847,0.0,,,
1.0,3.1593512005194726,1.2122233929942243,-1.1722564144728218,0.47883207285998963,0.0,,,1.681852967050364
1.0,0.11569746790009378,-1.560497774871143,2.355929264235018,3.108875075568751,0.0,,,
1.0,0.5487622317027319,-1.3503510820412241,-0.47631351575093206,0.656895042873171,0.0,0.07764172656185567,-0.7160567488409175,-0.25416196217479625
1.0,1.2321684415151175,0.8969955133407597,-1.4704070706495447,-0.8516636087995827,1.0,0.13936557894499416,0.9085709404065169,0.39532174800570474
0.0,-0.4772539714634194,-0.34298940767681013,-2.346865400115266,-1.8290348115183939,0.0,,-6.479490586886369,-2.2343433388640617
1.0,1.7627540879921093,0.4393304706182704,-0.09808655214991943,0.6009967048610663,1.0,,,
0.0,0.6137504162636838,-0.598981946507356,-0.4787541758774035,0.7183614935521524,0.0,0.012941408246236054,,0.11376031050518479
0.0,0.05555378275120759,-0.21672065790638495,1.1563563792035123,4.1550379993131745,1.0,,,
0.0,-1.449911039577986,-0.6018938683965933,-0.351776359134635,-0.6557201399185003,0.0,1.8718650198083506,-3.8877889545352162,-1.3681611819549446
0.0,-0.20859472926231315,-0.73238492599648,0.9693537323157487,0.5393161585359013,1.0,,,
0.0,1.2273175260488085,-0.5749311856680063,1.5877820015901272,1.5035325656791063,1.0,,,
1.0,0.35150193985599404,-0.3161783158039683,-1.4881060468301308,-1.5153974994438322,0.0,,-3.7031577583375643,-1.3009923820296172
1.0,-0.8226582269524785,-1.6210607888372603,0.07670773895985923,0.9828908509935745,0.0,,-1.6536915697865076,-0.5933301596167598
0.0,-0.7636325122855492,-0.6692363999977775,-0.08389612847147176,1.145704160123016,0.0,0.02753723542704676,,
1.0,0.6779078431435217,0.3717466394682211,0.6628701789501404,0.7623306552288416,1.0,,3.568517446541488,
1.0,1.2061802915415343,-1.7243921748320943,-1.2454666370469074,-0.2751131458620306,1.0,,-1.184812796779541,-0.4301834620462763
1.0,0.3154589449336202,-0.35844303015583245,-0.5413141175651245,0.9338460379461252,0.0,0.037303827203407094,0.4163630988690161,0.17593344218437582
1.0,0.580516046108867,0.04210006261932314,0.9630492472062799,1.3810292325671696,0.0,,3.106093891865695,
0.0,-0.7292318830904381,-0.7203805689123426,0.8815716837486242,2.10031307235534,0.0,0.4695716827831098,,
1.0,-0.8761922772446329,-0.5180568645825065,0.33924212493249706,1.4315658304824397,0.0,,,
1.0,1.0335469783505227,-0.5445338162561181,-0.8998371559356296,-0.8464259611103334,0.0,0.32438051705334775,-1.4924991834502492,-0.537392354861961
0.0,-1.0434232036061792,-0.9786497296347116,-0.33182503609411285,0.705168363014994,0.0,0.543661862951227,-2.0098891115242745,-0.7373342952496017
0.0,0.34564584692968825,-0.8629382165252693,0.5518933651380231,0.9614386219561766,1.0,0.7968348309248064,2.147549462053595,
1.0,-0.013290343169134244,0.8978655680960994,-3.2203943622956444,-0.45221566581499995,0.0,1.4180883709606311,-3.348131610929729,-1.2163478442440054
1.0,1.9134513705291794,0.952442723658103,0.2489496685224775,1.1779132585040526,1.0,,,
0.0,-0.147920358171177,0.013029707811284152,0.21715782676885423,0.7079737921247449,0.0,0.12489615766981804,0.9030132462810544,0.3534065048493279
1.0,2.281466725667431,-1.0624951450244877,0.06802946005473837,0.24052885310663846,0.0,0.5244767585682243,,0.7094667028824709
1.0,0.5670836921538991,-0.28683976610668077,-0.48790401985165116,-0.9065978218595333,1.0,,,
1.0,1.4014420852599339,-0.6586181631349791,-0.08504401238691212,0.17612852501526355,0.0,0.16013417838502822,,0.3933160580250551
0.0,1.1995982892420507,0.16412633796357706,-0.9617277985506181,-1.2305692651764661,1.0,0.005877481904038051,0.1941797702177303,0.07666473703103675
1.0,2.1706913849045524,0.02672520047473631,-0.08335977388476291,1.3278706328155714,0.0,,,
0.0,0.2929490532617628,-0.2078895823091265,0.027860673061084834,0.611229280355784,1.0,,,
1.0,0.7328185367712532,-1.0631342897803011,-0.28050512936857613,1.1090761567244956,0.0,0.06204012460780961,0.5829564567546988,0.2470726743585181
1.0,1.20751512016057,-0.2723899336707491,-0.9113486930079848,0.08529985343817603,0.0,0.01678079529593504,,0.06985590969038395
0.0,0.4756203147666326,0.6992371105163762,-2.9251026751665847,-1.9783673686665062,0.0,,-4.550515247238918,-1.6674862553682954
1.0,1.3383233581702303,1.6295387452799697,-0.3929124818581702,-0.21660518592824674,1.0,,,
1.0,1.5774976012564896,-0.27922247164865616,-0.6513092762692037,0.2137555647290204,0.0,0.17443481680660525,,0.40709851227309896
1.0,1.019183189596841,-0.3790246512881663,-0.0008372579380636551,0.5608150713077749,1.0,,2.38287187958389,
1.0,-0.5465052121697631,1.019215037472487,-0.24579796144420613,-0.13268381852999522,1.0,0.2578672399913169,,
1.0,0.9160465733528924,-0.2844977493505645,-0.11296003271287501,0.3722472051426027,1.0,0.7330832405778391,2.078250127452927,
0.0,0.48150885372622176,-1.1609549464445874,2.619588815130381,1.0312069899286365,1.0,,,
0.0,-1.9038407523213197,-1.5853320924667733,0.20582301279082352,0.9600310873074244,0.0,,-2.808331292335774,-1.0390197293051944
0.0,-0.5316037808819449,-1.2771377940179947,-0.0845573774804068,0.4558475705800288,0.0,0.4132532950079284,-1.74692504034637,-0.6428478008113028
1.0,2.0517696306658335,0.764781257016401,-0.09542027894630925,0.6331959565406952,0.0,,,
0.0,1.6488807283198494,1.291879572024384,0.0876825481046147,0.8703664188976971,0.0,,,
0.0,1.3891935602018992,1.4434769592186,0.7483158628807888,0.4535027412717027,0.0,,,
1.0,1.3018971891411697,-0.6917832754360231,1.067921000195833,1.320520955203845,0.0,,,
0.0,0.4065070217022557,-0.6146152747684619,0.33570845217256706,1.5433876116152523,1.0,1.426835177004687,,
0.0,2.1518566645740664,0.6688199761385545,1.5642516757394487,0.15230020854578835,0.0,,,
1.0,1.724558312050274,1.5644580535782882,0.07517098001895824,0.6636794043031511,0.0,,,
0.0,0.566671232851861,0.3347472231985888,0.5062150019424164,0.8854011659963352,0.0,1.0516015573626598,2.4690710093140664,1.025476258800105
0.0,2.4456054892840493,0.8979424133292864,0.2536376116821155,1.6802529974302032,0.0,,,
1.0,-1.2983863598403835,-2.8984235426011544,2.1205887334757803,2.7372993916476474,0.0,0.11309336114672923,,
0.0,-1.3171001697983264,-0.7486555248956552,-0.931744862786207,0.7999993576323566,0.0,0.965802304666532,-2.7040119011496944,-0.9827524126994206
0.0,-0.1881339787098556,-2.704427646330684,-0.043063456842642046,0.3334242930760958,0.0,,-3.1797266609259474,-1.1637395709752434
1.0,0.4828789937101505,-0.558783161337495,-0.261779924407348,-0.0938065776290039,0.0,,,-0.17671980784756605
0.0,0.8377720916985707,1.5985539482548063,-0.6563881790030032,0.061510710373101185,0.0,,,0.8235208365098319
0.0,-0.17846428559591454,-0.2509856437698405,1.4247088417041476,1.4855121457847464,0.0,,,
1.0,0.7543267371385067,0.08933101337228272,-0.3676351257152107,-0.23632887777925704,0.0,0.023132090083428723,,0.123668263717353
1.0,0.8449962630647806,-0.9201728125264896,0.8641435417901366,0.8895113144230558,1.0,,,
0.0,0.5245692329357903,0.37683108347571853,-0.7814698348971355,-0.8406116672259086,0.0,,,-0.3222984242712286
0.0,-0.11985596998643688,-2.278778949185135,0.21510989229936203,0.7134488906512124,0.0,0.43222476925729136,-1.747234531202309,-0.6574380345380781
1.0,0.7267523487258483,0.36370483102848866,0.4034584774106519,0.4781323206169682,0.0,,2.171288646496733,0.900745933308713
0.0,0.6373610284663604,0.3384215099785412,0.2601029345415345,0.5144069249888578,1.0,,2.9050805257958663,
1.0,0.49683307482380756,-0.6601555014387466,-0.17003986931300902,-1.0575491283791982,0.0,0.39087723799681057,,-0.6013703439803977
1.0,1.1575237696780092,-1.497089472833563,-0.9554977953782583,0.009389994869363871,1.0,0.01882291867571792,-0.3055757202943152,
1.0,-1.1308420268991224,-1.0856228723815518,-2.3276354916337394,-0.9069363972011873,0.0,,-7.18199055049256,-2.4033999836035633
