,0,1,2,3,4,5,6
0,0.0,1.7228437061927995,-0.8285184780203678,-0.1547032636299491,0.68440604139905,0.0,1.1408142217880544
1,0.0,-0.04675322873042875,-0.788021625373082,-1.0175493976040604,0.47363428692476806,0.0,-0.2454923329351676
2,0.0,0.4767586463158756,-1.2056194653333236,-1.1812545021704737,-0.20465404397362952,0.0,-0.133212881603899
3,0.0,-0.18476238049885518,0.24807453524526218,-0.7791612558063661,0.478574187740317,1.0,0.48047801554244174
4,0.0,-0.2850797826653654,-0.7595188576182688,1.6389831729351039,1.2264456987250754,0.0,1.6619762544584256
5,1.0,-0.03631923754120181,-0.12830599132786946,-0.2869772302381056,0.9535469991882648,1.0,1.4523781063008827
6,0.0,0.4867712282687936,1.312828776152957,0.07829998907369744,1.020507198019378,0.0,3.6720693999833496
7,0.0,1.083252114542216,-0.34822916430450807,-0.5318778918974426,0.39398497673659094,0.0,0.3508647536010852
8,0.0,1.873762345289023,-2.1168453826704305,-0.07960753380870443,-0.4159192137151254,0.0,-0.215552234071141
9,1.0,-0.028052403041456175,-1.0573165216530542,0.9427913854547314,1.208023433744558,0.0,0.9994520774356788
10,0.0,1.5677649835307017,-1.123468732383266,0.9665788416454938,1.4742765611174058,0.0,3.6064950401677747
11,1.0,-1.4831296789926465,0.6818109520898408,-0.8871275646132212,0.31834268837647367,0.0,0.010692540845915643
12,0.0,-0.5983549026090533,-0.21776449141190177,0.9577922171817231,0.6554531902246932,0.0,0.5088776511221872
13,1.0,0.210921759671441,-1.1812258827460729,1.1687090440005006,1.7768155055767028,0.0,2.1912652050962707
14,1.0,0.8886630287172141,0.5111164311430632,-1.9349529899164601,-0.3313473871940924,0.0,0.03612229760423094
15,0.0,0.589471606259909,0.6581741459743591,0.6024853273334208,0.5741705015023354,0.0,2.7074915629494365
16,0.0,0.44412981057611767,-0.50960469970072,0.22690088220586227,1.4338096609891116,0.0,1.3617645578875448
17,1.0,0.9036660147468659,-0.41034089620859293,0.007535739187235976,0.9009785753976912,1.0,2.8943768074390333
18,0.0,0.9057055031623426,-0.7391613068045408,-1.8117254582543871,-0.7438209657227678,0.0,-0.04850417165417564
19,0.0,0.7165771622329691,-0.13467155453608506,-1.211991585507502,-0.035681153301284185,0.0,-0.2042305546209318
20,1.0,-0.4074350325361611,-1.964342364718255,-0.4740153988080896,0.022551039054225952,0.0,0.3286663123410083
21,0.0,1.7491390913057105,1.2765319940791238,0.1361864469202598,1.2100742192155547,1.0,11.872656569913623
22,1.0,-0.29224406244664103,-1.1154214212784845,-1.6967077494406464,-0.26508089621189457,1.0,0.23725530617010493
23,1.0,-1.130579031701379,-2.116272388716643,-0.21940192235586473,1.9126325308780157,0.0,0.11385968260940971
24,1.0,1.8432654003640567,0.40495768142379746,-0.7171272896250926,-0.025084152074840937,1.0,3.093308449503676
25,1.0,0.5181593630043166,-1.0343500624753466,1.0645775963257593,0.7230045322891747,1.0,2.71126031086588
26,1.0,-0.6691325647707917,-1.2566763745008844,0.2879709653933049,-0.06754336756916235,0.0,-0.01051102795246528
27,0.0,0.7327188165600222,0.08284101799580379,0.2385401337618851,-0.34618832954735046,0.0,0.4362550038837152
28,1.0,-1.4564798736982478,-0.2967010036447361,0.02593271002726452,0.058080005194277584,1.0,0.022440378207282285
29,1.0,0.9924055706377937,0.29867170484555555,-0.36920744521568727,-0.5961381193891063,1.0,1.2784762415105664
30,1.0,0.544730632338977,-1.1028114494504104,0.18751777447203288,0.38159002508654244,0.0,0.2040904536281297
31,1.0,-1.8103497013785446,-2.9577276664284646,-0.5775965767305061,0.22347975078533133,0.0,1.8250121492763354
32,0.0,1.0996945100781952,-0.24653886396473307,-0.6652914993609216,0.46514939506618513,0.0,0.39282980836603826
33,0.0,-1.6081328619799207,-1.8233844217575124,-0.18610378153004334,1.0698324556563343,1.0,-0.21326793944003059
34,0.0,1.1507141212851035,0.5216764562879082,-2.0678191250628637,-1.4742526906928086,0.0,-0.15274038758409603
35,1.0,2.1384062490058273,0.32901772423040826,1.6744702074460844,1.3227715569411629,0.0,12.424961197691207
36,1.0,0.7014763617754314,0.33050895644379524,0.2452248564516085,2.155024906331867,1.0,8.322244464286838
37,0.0,1.995864894972285,0.6827537158864005,0.45086448491251696,1.3043184944043258,1.0,12.13058278356656
38,0.0,-0.15851380554211003,-1.57596265013169,1.1295545296028562,2.1062371472291392,1.0,2.8031156656142215
39,1.0,0.962862051057789,-0.7520523983372522,-0.2212270684904158,0.3139439298910201,1.0,1.2535250705159666
40,1.0,1.6511802912304192,0.6002309504930159,-1.3578709375746347,-1.0353455804779368,0.0,0.24870585117299718
41,0.0,1.848943261669974,-0.8714697320037808,0.2481015615506292,1.0761001903310254,0.0,2.4349515074216947
42,0.0,0.28214938147667,-0.8770289697091371,-1.0169531599818906,0.13459377866581462,0.0,-0.23843935072894168
43,1.0,2.4499184680331942,-0.5852433912950434,0.38311303783897577,0.441145768891236,1.0,5.877175435503425
44,0.0,1.4945966911456816,-0.2858977600539805,0.8973178734961527,1.0452827908293019,0.0,4.248117251399177
45,1.0,2.030314996501094,0.6972086679506704,-2.644789114822185,-1.1155161354192091,1.0,0.4204550143388822
46,0.0,0.3998185673744573,-1.5305226313477265,1.3235318277331907,2.715421330724937,0.0,3.5733277685939937
47,1.0,1.82870765399779,0.4842596277622638,1.4151069832371648,2.042094225055902,0.0,13.86797004820083
48,1.0,1.6895962490082779,1.8634315016584637,-1.840260006391527,-1.715555415780512,0.0,0.41667218412974316
49,1.0,-0.7780208896306784,-1.1917440548974236,1.5152520930130207,0.7230570309530164,0.0,0.42467627057728047
50,1.0,0.46207925534755484,-0.4367104416542127,0.3797417878325072,0.4426124866635726,0.0,0.7301928434549853
51,1.0,0.07745182839076004,0.021017464732602853,0.21846414662043465,0.7830069803158566,0.0,0.9403470245932248
52,0.0,-0.23631720043484106,0.3801814879906619,-0.15588684879498055,0.10742463716730877,0.0,0.04471903814573056
53,1.0,1.3672177560870136,-1.0079918652627862,-0.13281459283703023,1.0280886595312149,0.0,1.208756068254428
54,0.0,-0.14531598505685683,-1.2455421420795336,0.8621162804011029,-0.11352291576428208,0.0,-0.2000838857366173
55,0.0,1.7872692910167665,0.2738366480946997,1.7316581799839272,1.4001730408427173,1.0,15.830692649824101
56,0.0,-0.20109143954343844,-0.21025865424368945,0.22187708822295263,0.3223214291361783,0.0,0.06340954148271664
57,0.0,-0.38087284398110144,-1.8259557308338634,0.49143700229756193,1.8725868712125697,0.0,0.07589564979725694
58,1.0,0.9920301830305331,0.9001931514033974,1.6053814007433662,2.1150599952076825,1.0,18.59321130116173
59,1.0,1.220683532055252,-0.6847373208647434,-0.9475172475938117,-0.3084048192830037,1.0,0.4291552227844172
60,1.0,1.1619708873916714,0.9666181858644196,0.42547290345125705,1.054270694413085,0.0,5.755953231452145
61,1.0,-0.19224710458270577,0.08419570775993063,-1.9833966799858727,-0.06975839637142012,1.0,0.007916728445378496
62,1.0,-1.5096935131715084,-2.132970820653596,-0.6400460018917475,-0.24047672858400293,1.0,0.7735709418581469
63,0.0,1.7958687525270804,0.002758127014402978,-1.0380617167802717,-0.8635370457949526,0.0,-0.04375870427448989
64,0.0,1.4129286546506574,1.7916424666720536,1.0510267547375716,0.7267893108866217,0.0,10.169086524457619
65,1.0,1.0669461418516253,-0.32153543440934124,1.1431824194826488,0.7183252429264453,0.0,3.2923938270298843
66,1.0,1.9135421374354709,0.3141988891611038,1.7015058904108245,3.0744785981676737,1.0,26.8525242674217
67,1.0,0.5788890428017348,-0.05321916269840743,0.5887515404631869,1.1090554517993025,0.0,2.5351078063053025
68,0.0,0.4002763179579798,-0.30726613471683617,-0.4084907675763182,0.23364330906951364,0.0,-0.035113177866759875
69,1.0,-0.2748104881365039,-0.707532747367001,0.4627752772406644,1.2809710066644433,0.0,0.7002578011880556
70,1.0,0.8406606138866813,0.4377045509851993,0.8774293955836713,1.480306775150463,0.0,5.8233113745922225
71,0.0,0.04790852321920147,-1.055621084082789,-1.9673175635824804,-1.8957257709676925,0.0,1.0543132094534973
72,1.0,0.4961937318172795,-0.3579870129795757,0.2274797472867181,0.6929031694549783,0.0,0.9290371057424134
73,1.0,0.924056393058149,-0.5270780142307029,-2.407212137721612,-1.5313759286137936,0.0,0.8298343033661322
74,1.0,0.1268449750089583,0.2161275522502047,-0.20578488825336327,0.24334911539011267,1.0,1.279250556443455
75,1.0,-0.5769278171776522,-1.434962853460174,-0.9394527705434128,0.5109577377389618,1.0,0.06162040313815681
76,1.0,1.945430869861064,0.44445987153733796,0.45476365967764326,1.2195621377780967,0.0,7.075259145475142
77,0.0,-0.49268260477150516,-1.6399539792013929,-0.6570341304188807,-0.5385340863978533,1.0,-0.07992424470442905
78,1.0,0.8804326572446453,-1.3464364003378746,0.4894457777335453,0.9293223289141124,1.0,2.197909526985893
79,0.0,1.0261296990346227,0.021030168111664416,0.8860718268875992,2.264361508192911,0.0,7.165176593360671
80,0.0,-2.7849836059388373,-0.8959747275455165,0.0752358603822834,0.664457475799983,1.0,-0.10701871978865951
81,0.0,0.6480044124843796,-0.62860494738523,1.1553546488147763,1.5648573330199884,0.0,3.300830399848942
82,1.0,-0.03154874804903263,-1.4549797060547307,0.7411499125359764,1.0325660882483103,1.0,1.2851244232687122
83,1.0,0.9323217658268059,1.1234005288606503,1.968805743964608,0.8000170802749036,1.0,14.406962086961967
84,1.0,-1.0252277448473732,-0.8993978561815927,0.5111250509170461,0.6235807072292437,0.0,0.013551792974877214
85,0.0,1.2914123041849503,-0.08727762450638499,1.5909908434470936,2.102023493836111,1.0,14.194303454306917
86,1.0,0.33158598944318074,-0.5665039157766598,0.5011384888294328,0.5717021884560762,1.0,1.9422148545431146
87,1.0,2.173021575022662,-0.08168780711918477,0.5053687297966628,0.9829432216142711,0.0,5.568811063340993
88,1.0,3.013512867916015,-0.04820881948079131,-0.7158766332706793,0.18112119943900973,0.0,2.851211343671266
89,0.0,-0.1484246558083402,-0.6335703063666114,-0.9890270215797364,-0.49356110507861606,1.0,-0.2521679341744651
90,1.0,-0.517474047192467,0.025305417113387407,1.1167661723251645,0.7974548495087317,1.0,2.94002816514329
91,0.0,1.5100373918902221,1.2144290495672614,0.09511104518362772,0.24118292443684952,0.0,4.028305987199648
92,0.0,0.27506841087212497,0.36598399906117113,-1.7458153640936667,-3.194873250234078,1.0,0.5477716495621774
93,0.0,-1.869113640425569,-0.023860680158036107,-0.7812949014054931,-1.3540931238594505,0.0,0.5888867986270694
94,0.0,-0.6077953740928626,-1.2271332362144067,0.19073438501041398,1.0484464287709085,1.0,0.2187659912244574
95,1.0,1.0374899262748052,-1.2268411328862014,0.4723805533116636,-0.15751871945777152,0.0,0.2891452569580755
96,1.0,1.5137662965057606,1.1480144111770347,0.7008071169912516,1.7770808422830409,1.0,16.045405664836718
97,1.0,1.3216898370908376,0.21342426310598445,-0.34421744704954993,-1.1462036083262817,0.0,0.2557397776006233
98,1.0,-0.36434832767717185,-0.41656416385715467,-0.29653636706075076,0.621368505133437,1.0,0.533146201346509
99,1.0,0.335388092932216,0.13202057203784484,0.5087426777746927,0.5064305496351493,1.0,3.027713929643489
100,1.0,0.8807675673158739,-1.0862926461871198,0.016256605326365026,1.9875756943949567,1.0,3.726659471323645
101,0.0,1.0370347728149412,-2.139334304145251,2.2860728493123936,3.305765786849418,0.0,7.805515213943506
102,1.0,0.6588094855149069,-0.3439503232730843,0.20021923923878243,0.46845322164391423,0.0,0.8515568021059687
103,1.0,-0.4850095757588829,-0.31966576803946967,-0.9334491046655018,0.6117253639740066,1.0,0.19680271742984212
104,1.0,0.8200350903956327,-0.47979070088488285,-0.27504106290144503,-0.7282907286425641,0.0,-0.0017614945568779211
105,1.0,-0.09107643259298692,-0.6836703420630261,-1.1061195024751052,-0.8242133368353478,0.0,0.2326116317958472
106,0.0,0.5745382189354257,-0.24813041249944268,-1.592350779978295,0.03154392095298486,0.0,-0.24470725417763417
107,0.0,0.8779442768809745,0.22610772667210371,0.07638457123276322,1.461806124951568,1.0,5.57367931191722
108,0.0,0.8666189476747248,0.5969935668461952,-0.7360809557433984,0.04559306907159322,0.0,0.48925778021274513
109,1.0,0.7635107861904062,-1.0175761036995,-2.476028246375692,-2.0733650679923357,1.0,1.143810643567133
110,0.0,1.8560106646865349,0.8422118959107208,0.714405169219398,2.3914120734778037,0.0,13.59719844142099
111,0.0,-0.06549483272562495,-1.2260029486230895,-2.1543385276138287,-2.4413095482432006,0.0,1.6901196632201945
112,0.0,-0.9954852362260334,-0.6208464028130285,0.30552879864163573,1.682143517641348,1.0,1.0791156626876828
113,0.0,0.37287508270133696,-1.0760707547781634,-0.10938081753437726,0.38958214617538955,0.0,-0.15051615708010888
114,0.0,0.5723075274814049,-0.8456954091382749,1.6491416893814697,2.369393885016384,0.0,5.680449834986989
115,0.0,-0.762438627819455,-3.0984939540667003,3.5734510368281738,1.637938038575546,0.0,1.0396753842399338
116,0.0,-0.4567785880137829,-0.3471622482799122,0.5937255420994271,1.211708301607594,1.0,1.951271283475367
117,1.0,-0.06539691841397932,-1.2409057329583906,0.803322288813148,2.008396142041606,0.0,1.5209772114153879
118,0.0,-0.06400721926335651,0.34701200991611963,1.6379943263494297,1.1413517550161116,1.0,6.8296038128197685
119,0.0,2.09372633055556,0.9955992015802482,-0.924824201499177,-0.7915271765430815,0.0,1.071993893371864
120,1.0,0.22543854316966994,-0.5302968563640862,0.44091582063839985,1.0883620874994075,1.0,2.5756751318593336
121,1.0,2.5048697839171252,0.8281726203695321,2.0332071583930365,2.0255700170675803,0.0,22.737900900713417
122,1.0,0.23174209865797346,0.6648163718207833,1.7398154346898245,2.8162981668961136,0.0,12.122364077437144
123,1.0,0.1938789310632547,-0.9275121539704674,1.061071494388069,1.4455771638171528,1.0,3.6895502169083234
124,1.0,1.1817813899660388,0.975414233914,2.013318503826396,2.955845263874913,0.0,20.976520548430344
125,0.0,1.955097519274258,-0.12274408861336536,0.1144708463578028,0.8694390103855146,0.0,3.4434098965388946
126,0.0,1.0295429055701593,0.47774038412258396,0.08470040440263148,1.5388889266285335,1.0,7.081792134804954
127,0.0,1.3251082394437803,-0.0001539820889810417,1.5144262931469903,0.1945318360255739,1.0,6.736906884843542
128,1.0,0.2559198149446287,0.40421886834230475,0.3548254439633468,0.7984803190484828,1.0,3.7296267643608996
129,1.0,1.0459386317168935,1.3347494572950185,-0.40848427082759714,0.03384345399585442,0.0,2.1813653834668414
130,0.0,-0.469077267033319,0.0893205987088112,-0.5542279982516689,-0.24965126400843607,0.0,-0.25241291976886643
131,0.0,-0.11717097207968519,-0.4230917556500626,-1.1886288975537735,0.30286788023785693,1.0,-0.15146213149266025
132,0.0,0.6508075198778528,-1.4847791322261392,1.5026229285711445,1.225192663328507,0.0,1.7878058978212419
133,1.0,1.1445375385834646,0.27709009614432917,0.7947901037213883,0.47781030405100844,0.0,3.4597751557380563
134,0.0,1.9535371232649978,0.32381499556957,-0.01006757206198337,0.47703873270060393,0.0,3.295730390846858
135,0.0,0.6986613103961637,0.08632260586583629,0.6327451774469369,0.905763058273648,0.0,2.5141117815587615
136,0.0,-0.4052730264847684,-0.6800839363523243,-0.3135344203985246,1.1362756860936132,1.0,0.45848063228999913
137,0.0,-0.8676321599588586,-1.155800617697243,-1.3918068193203792,0.16300609100155172,0.0,0.22473543202148671
138,0.0,-0.18734751424668705,-0.9261154680248627,-0.9515878634326501,-0.4215408887463372,0.0,-0.05478252318302701
139,0.0,-0.5802068116982577,-1.3441626249961105,1.554773970277976,2.9683105268821435,0.0,2.8791119817299156
140,1.0,-0.26925596665437457,-0.6360127219802139,0.2928764600971349,2.019994242329629,0.0,1.3580740077484865
141,1.0,0.051249557789577516,-0.7496562748770199,-0.6806895136020327,-0.720843140075298,0.0,0.04703868864691507
142,1.0,-1.5961821437720092,-0.7065677004510245,0.0457221543718347,2.2089829125315528,0.0,0.282827152193638
143,1.0,-0.810078448345152,-1.5061843008097153,-0.4033846400240926,0.7308432454338237,0.0,0.09539239003985334
144,1.0,1.1226392949551467,-0.3803227696608273,0.21609782762719631,-0.09494719631211002,0.0,0.7467068292528488
145,0.0,-1.1822581431230326,0.2779135174012232,-1.0301859783973208,-0.07047731349136888,1.0,-0.2434603006226825
146,1.0,1.6434775962634829,0.2952692171035403,-0.20943913065691863,0.5909923854904435,0.0,2.706100862163164
147,1.0,0.5377731112814459,0.4819775486789914,-0.3006156992716517,0.2075443923056034,1.0,2.0566952925413577
148,0.0,0.7354039516850125,1.3925720661353185,-0.33710915669727665,0.13095541443885855,0.0,1.8261276932450583
149,0.0,0.9878656498220741,0.8092936138105264,1.777263844442835,3.266238770853852,0.0,18.709589498900822
150,0.0,1.4458953102320082,-0.14415022201501168,-0.08048973135306628,1.9379274118402514,1.0,7.056429396186143
151,1.0,1.7897128198967749,-0.22372866555656962,-0.011070149694284697,1.2993775715600706,1.0,6.422058664971177
152,0.0,-0.06502888742037394,-0.6747515219677612,-0.020476361105756197,0.9276759742786906,1.0,0.8589799562269254
153,0.0,0.34214567842727905,0.2884004374873909,-0.327169593324412,0.43343479857820305,1.0,1.5626675015349156
154,0.0,1.1202720469888217,0.11541627068060062,-0.16818424967908235,0.6898536609299953,0.0,1.5888628347446057
155,1.0,-0.45534866742934565,-1.536293796546982,0.5735720821560246,0.29354669700345304,0.0,-0.017444624765839967
156,1.0,-0.2277539519415136,-1.282613777132155,-1.0208755200523427,-0.7237586431916946,0.0,0.450011350370918
157,1.0,0.7926931715671819,0.20496428823058338,0.2938499213380605,0.1247249688395522,1.0,2.8941367399266165
158,0.0,0.3268875212250293,0.4964649305445315,0.3297510634321893,1.4422196938906984,0.0,3.0241477560308105
159,1.0,0.5275287172349435,-1.4309774249294722,-0.17463026385865904,0.8861147281313645,0.0,0.15737112106016202
160,0.0,0.16704316962549925,-1.7473557988149273,1.7460866553211518,2.911204708032814,0.0,3.9079915126504376
161,1.0,-0.03369104498488662,-1.4386494375236623,1.4288973955330355,1.3714850229936686,1.0,2.8402994242954183
162,1.0,-0.34990215512972,-0.2898969226380409,-0.09426561032979289,0.326756830246665,0.0,0.000883245434604274
163,0.0,0.2513202464103781,-0.4832410607197416,0.0037486179014634634,0.5225833141596418,0.0,0.15160986948747576
164,0.0,0.21465182110975145,-0.8226817105026427,-0.7905474318145665,-0.6814899995680351,1.0,-0.24954235081520726
165,0.0,1.6010244248286265,1.4244962597174957,-0.5754923679832241,0.9591635493911108,1.0,7.974698224815445
166,1.0,1.3709641620431134,-0.242742249881535,0.7035820651320103,1.9507550004086038,1.0,9.660774137533704
167,1.0,1.5531204246856585,1.8976703738249447,-0.8111314059030719,1.1476506584961292,0.0,6.220257918511881
168,1.0,-0.19858522743570406,-1.4933166502369333,0.15441611363376503,2.083642547278117,1.0,1.6091048779854362
169,0.0,-0.2461228642115998,-0.9544083533564085,0.33216880535374493,0.8719550926729651,1.0,0.6952317902200836
170,1.0,0.03378572831141985,1.062128964101762,0.25468705192149194,2.9734565688564043,1.0,11.585799362599339
171,1.0,-0.15666363943908612,-2.3887256160923345,0.3840988192634163,0.4637069063029683,0.0,0.07346985183750898
172,1.0,0.6224189993185987,-1.056317128609614,-2.6072007935091954,0.26554509908881657,0.0,0.4703067405085377
173,1.0,2.362338599832812,0.7041440441601012,-0.7226677400341079,-0.41635544678958536,1.0,3.9709088721829
174,0.0,-1.7658085928688596,-1.7165169667859834,-1.3521531522960137,-0.3482908065745437,1.0,0.7094697046915781
175,0.0,0.7932438485294478,0.012711514940618174,0.27924797315404354,1.0573308683672202,0.0,2.191251433503241
176,1.0,0.35777995027451,-0.44398513678770185,0.7252249724109354,1.351695540678279,1.0,4.153792086722721
177,1.0,-0.05073038276598685,-0.25960687948750544,0.13298871935143047,0.4657936343385972,0.0,0.2887814896296407
178,0.0,1.2289794382372692,-0.13392618438222825,-0.5217531228138566,-0.6568621060849719,0.0,-0.03583736296782523
179,1.0,0.04064132081455929,0.6914443057316901,-0.05381923733172627,0.5050534525297206,0.0,1.0359341418064605
180,0.0,-1.5144303750322057,-0.3677064634647576,0.6430989220921948,0.24186124534154596,1.0,0.0012644392081534344
181,1.0,2.069419206523069,1.208454544661655,0.27821714843213374,0.34000776866463367,1.0,10.103570833377617
182,0.0,0.42072522117788813,0.48370512405682803,-0.15284865510276602,0.20872780343870273,0.0,0.6551496017663152
183,0.0,1.2617142081666601,-0.22722596578906412,0.8948623462788542,0.8202967100752774,0.0,3.3442388974912145
184,0.0,0.7716659768080635,0.0719915100241863,-0.08945365753861292,0.430379879582915,0.0,0.8793669614866588
185,1.0,1.5209125725850148,-0.03953617285625971,-0.2476927258846079,0.41810023264590435,0.0,1.6342988053209315
186,1.0,1.1785449557342051,-0.7036500390318055,-0.21443239979320297,1.006273755841545,0.0,1.2034793852634837
187,1.0,-0.03481510028173873,-0.2989778858894794,0.04944679979537198,0.47866973877854646,0.0,0.23405205639838156
188,1.0,0.8461432400148254,-1.319082432022151,-0.613254416423409,-0.3578727950017988,1.0,0.12880192182151579
189,1.0,1.3736582763488738,0.55881983781135,0.10245100591619717,0.6989852439417585,0.0,3.535842061681818
190,0.0,0.6134131167459136,-1.3171010869597986,0.5973882234034904,0.6018969880794071,0.0,0.27988033931221806
191,0.0,0.748895056562302,-0.26759099118066587,2.6808132776891593,1.816968008014463,1.0,14.311597202257067
192,0.0,-0.39304947826580894,-1.327243911003744,-0.8236474441847244,-0.20381818060779755,0.0,0.031837724293555025
193,0.0,0.7338580053849856,0.235289189874687,0.04884368812510876,0.9880351427883323,0.0,1.9679543122514889
194,1.0,-0.6602235132011063,0.15960162626583146,-0.3333582111095079,0.24423391735525046,1.0,0.42967270934761104
195,0.0,1.1679977234631762,0.15041584936012842,-0.6554497019625335,-0.2870275662341968,0.0,0.20062084900961866
196,0.0,1.1687838103350345,-1.3895269909497805,0.08789312223520805,1.294494211452986,1.0,2.2206742810710525
197,1.0,1.4104254551949045,0.19472595670177445,0.4359500828783048,-0.20283438689661826,1.0,3.776974473797048
198,0.0,0.053729487694785694,-1.7800754954701858,0.5021953649525241,1.2669328036888994,0.0,0.019552006812576725
199,1.0,-0.10032107713294647,-0.8515378697837401,0.4026037614671442,1.533118514510788,0.0,0.9025366228227945
200,0.0,1.5190515315844317,-0.3120784930177944,-0.1539044718386474,0.8680291331228829,0.0,1.8193789494010035
201,1.0,1.0982129966791954,-0.22386314494087364,0.8108144388259373,0.6215303770922302,1.0,4.942861719200748
202,1.0,-0.1530846916632025,-1.4935490248441143,-0.977213752447169,-1.6110375652679934,0.0,0.9381039838666141
203,1.0,0.6403610994313214,-0.5842944984441008,0.412502690265584,2.0253060581764464,1.0,5.396529147257878
204,0.0,0.878839246231867,-0.15199229338908607,0.6680663838987269,1.897795197063349,0.0,4.57507280587617
205,1.0,1.661509747668429,-0.8649443381618105,1.0566014047509134,1.6927777184596984,0.0,5.546837522435084
206,1.0,0.21524804810178777,-2.831598700187096,-0.4870045036046787,0.369372854986342,0.0,0.44324590748574033
207,1.0,0.9191928136761334,1.3131276121765245,0.45863739002821835,0.6131348014748214,0.0,4.912781083053709
208,1.0,-1.3607565512177755,-1.0333098737712645,-0.5160666981111114,-0.7382511283568937,1.0,0.3121696129675512
209,1.0,-0.17259070235160034,0.014411565945352756,-0.44871970574345005,-0.17869546931430036,0.0,-0.08763276403121262
210,0.0,0.6127380270444434,-0.036227545822226426,1.1117000135296882,0.6742984491988345,1.0,4.8263022299287535
211,1.0,1.8513198832042153,2.480462527361219,-0.10481879941208418,0.06337015895907006,0.0,7.614596202419868
212,1.0,0.6528944184591973,0.6327529564749723,0.16715010248976123,-0.4495855573440485,1.0,2.1927283877196544
213,0.0,1.6770179166146015,1.443650544519454,0.3112740608062426,0.22840149718569547,0.0,5.574274709993851
214,0.0,1.6061632267512698,0.028651729757538158,-0.09930776724766484,0.4514089075203992,0.0,1.9218350249771543
215,0.0,1.6646599672317997,-0.4311083495213591,0.20504414508865199,0.2810352632595632,0.0,1.5243326505876837
216,0.0,1.1238430969888544,0.5797027480097416,-0.3914140474482786,0.33252526548261696,0.0,1.4326319146850275
217,1.0,1.1994091180138227,1.2841909698807372,-0.045673708117799576,0.6538213921037643,1.0,7.251980190442768
218,0.0,-0.781727161391998,-1.2371739456993343,-0.4921794149854361,-1.8950629832488937,0.0,0.7191427636511436
219,1.0,-0.3148607928043581,-0.5514279744872717,1.1562435791912922,1.7665794328450684,0.0,2.2869958732696176
220,0.0,-1.18304341472474,-0.0591749366121373,-0.12305995086406091,-0.21640723409929874,0.0,-0.22959860813930982
221,1.0,0.9500905649236087,-0.890480667539352,-0.24876373930621212,-0.651063357588057,0.0,-0.008412968214679656
222,1.0,-0.28987608641507645,-1.7408727108975182,0.43984930823892004,0.6875167628239649,0.0,0.008830381835358253
223,0.0,1.6820650562516077,0.4072737079951108,-0.5029483162214494,0.23443605886025404,1.0,3.4748036229720576
224,1.0,1.8454382521521921,-0.5974685376080996,0.5187175710396411,-0.14881190445409176,1.0,3.3175805916500654
225,1.0,1.9092929255855315,-0.5458631640866384,1.925323337244667,3.4759434118050057,0.0,18.131558948031206
226,1.0,0.6742367975340487,0.3779573789178438,0.4714428843063673,1.290099543477201,0.0,3.7188302005179708
227,1.0,3.2786687193094735,1.4245820335091586,-0.9472230632259376,-1.2325916360325957,0.0,3.1167808614361547
228,0.0,1.1138552298164832,0.501185685859695,0.3743450835690641,2.521609528549792,0.0,8.19424058594955
229,1.0,0.3258010923592115,-1.3685669624213725,-1.1618343028500113,-0.5705541561646242,0.0,0.30927292591935884
230,1.0,1.2363730113608185,0.14973350529256024,0.1626608259344724,0.736995271833653,0.0,2.6400336709222367
231,1.0,2.228256834869123,0.16708857895451307,-0.11236808491121593,0.7128329898492884,0.0,4.062164866908731
232,1.0,0.013803965922265626,-1.27576339721195,-0.36755890858086815,1.7576562553744957e-05,1.0,0.021024572997232566
233,1.0,1.0868083545333893,0.3412413311414623,-0.2864394963329814,-0.6111627519926822,1.0,1.528979690163009
234,1.0,2.693301405173297,0.3270174512957172,-0.9246989088830074,0.24819339793308914,0.0,2.7426416332264254
235,0.0,-0.388121755187413,-0.36614409978915846,-1.9364776564134831,-0.16850315823633522,1.0,-0.17331423857281847
236,0.0,0.5099250051356606,0.20191984809411562,1.221396540534862,1.6790538120094234,0.0,5.455474153369657
237,1.0,0.6627849812279827,-0.7143700905031245,2.5274596226486894,1.9251238290804547,0.0,8.023761627739116
238,0.0,0.6645431395689481,0.5666780294298159,0.11311441608444282,0.7532424973791267,0.0,2.1211872038216333
239,0.0,0.6040012053149979,2.3695488728889145,0.04445855668619776,-0.16848701733940608,1.0,6.0440622547993295
240,1.0,-0.017815720704355886,-0.7375315570002876,2.1842092343116417,1.0443317860804722,0.0,3.0022922513958594
241,0.0,1.2757362482363308,0.40364497189231335,-0.882340182100842,-0.7233749881247796,1.0,0.761811158410049
242,1.0,-1.1601524892102981,-1.3681220582281597,0.12283672241594679,1.261286196856463,0.0,0.026908847095980515
243,0.0,-0.516071046093193,-0.9577528961381465,-0.8758575101134161,-0.4516357700109913,1.0,-0.20622341336085992
244,1.0,-0.7642048012391094,-0.5871934526779683,-0.0735427402272193,0.6609284438380529,0.0,-0.027472207325429834
245,0.0,-1.375604761466449,-0.21045370709222316,3.736537222308752,3.8329683690655614,1.0,17.674195095654987
246,0.0,1.6600868960348092,-0.39094172804165,-0.5857798442939771,0.4361449397059114,0.0,0.8043005782091572
247,0.0,0.05857168368653182,0.12748551488090626,-0.06188346980807711,0.5588699294329276,1.0,1.486976922651292
248,1.0,0.9664951286897967,-0.2778625802897787,0.14324503413851652,1.2749036164346133,0.0,2.3414076059793096
249,1.0,0.4605747710300948,-1.6451200170224685,-0.1637251454541597,0.6144994708173902,0.0,0.015582570023810319
250,1.0,0.7951891712216896,-0.5372416261221394,-0.3713611495807016,0.8336393088319802,0.0,0.6591302338233852
251,0.0,-0.26806211026075133,0.15032406178521596,0.4278336376602913,0.797722007468791,1.0,2.133524949507118
252,0.0,-0.012764355015526085,-0.6769874966894414,1.2030803311874592,0.29434363098801963,1.0,1.658024993625236
253,0.0,0.9805104562325199,-1.2997302611540575,0.6635439432633738,1.2225204290699048,1.0,2.9777610564361687
254,1.0,1.0064931279181613,-0.589870789336083,-1.5703178972034553,-0.21146652591802373,1.0,0.16158689674509993
255,1.0,-1.0154932730512582,-2.847983949102874,0.2883645078301483,0.4393096661111123,0.0,0.6623119315768706
256,0.0,0.7561103288562144,-0.7056047764824641,1.4650785333281755,1.1620677469602343,0.0,3.1759176581977453
257,0.0,1.3373268189163428,1.1225520149469113,-0.262694026440696,0.3745702605307538,0.0,2.9684694965442704
258,1.0,2.0321787072613873,0.6081577402319167,-1.1311407774395386,0.44443848606075864,0.0,2.1470728225630094
259,1.0,0.8056722678690682,-0.8886206602751641,0.26815508474719235,-0.02185041676029309,0.0,0.26786712248903793
260,0.0,1.2201328989109699,-0.4632013561263413,0.3223038707849149,1.6626900079579379,0.0,3.296546254741184
261,0.0,-1.3415392292755501,-2.6691438152552878,0.6265542807243114,1.7747299154808647,0.0,-0.19180571729593932
262,1.0,-0.5273754874251342,-3.0406800976833783,0.2933559593631486,0.48071396516656595,1.0,0.2097879127761031
263,1.0,0.260532559755583,1.005985729225698,1.78478084109347,1.7514671986993746,0.0,9.694817955414349
264,1.0,-0.47903327368824855,-0.7570588183381697,-0.3315927362302228,0.6123052427636755,0.0,-0.04460273865408004
265,0.0,-1.3236103571359874,-1.785068754695077,-0.769444600992534,0.2575835427296505,0.0,0.4144922105909399
266,0.0,1.8228317465294281,0.6710970139277821,-0.3094540636296983,0.11601227733388941,1.0,4.599621657143018
267,0.0,1.1692642357965923,-1.6919996026748267,-1.708521643445456,-0.5308811568441029,1.0,-0.18447231973727551
268,0.0,-0.8927594209031828,-2.985157688404258,-0.24366486821677635,1.597670313647003,0.0,0.07330877012295822
269,0.0,1.769522177995643,0.6886182923967235,-0.5684311170082075,0.7729073862809984,0.0,3.13480646656398
270,0.0,1.2781891151314209,-0.510282900270008,-0.6508006102282643,0.08150208471220122,0.0,0.09771235285982688
271,0.0,1.126396465177193,0.03804464231625582,0.13370928153089712,1.8459431024862583,0.0,4.201572116787103
272,0.0,1.9325815980311694,-0.27033721383236187,-0.37679895354110343,0.12144491745419383,0.0,1.1148977038005616
273,1.0,0.9117815931955509,0.36981651661577325,0.2716010505653732,0.9227284770839042,0.0,3.011080870744691
274,1.0,-0.20686204963763888,0.3508925909618131,0.7070782699930174,1.550140867849684,1.0,5.165963209621447
275,1.0,-0.5136484528018885,0.08266066352383317,1.2766693882519338,1.8398536259300582,0.0,3.4279375953618274
276,1.0,2.1748637138835907,0.6818575504138504,0.14761855387460815,0.41825477309782433,1.0,8.281607024950919
277,1.0,-1.0264617020074818,-1.6915991324244595,-0.15362800200014815,0.5860926682492342,0.0,0.1779430923931249
278,1.0,0.07698017598713042,-0.3726308920572456,0.2950741688423984,0.7477593974445286,1.0,1.7874023752772503
279,1.0,0.38906266760374597,0.1676999207306274,1.5188548212304447,2.3257328215480455,0.0,8.102972004307977
280,0.0,1.1144786867643075,-0.9350752016447408,-0.07591687660512775,0.6555489876326562,1.0,1.5906931002190599
281,0.0,-0.306154430080686,-1.7990088211935842,-1.7015436756085127,-0.5354694393162057,0.0,0.738701126916085
282,0.0,0.3796459166146582,0.2757802714242,0.027000271364278607,0.25272468194730263,0.0,0.631896664712998
283,0.0,0.27910704754992766,-1.7518778062696707,0.007021054538660499,0.6614145719098807,1.0,0.096439778877444
284,1.0,2.464983427982222,1.2854605937988959,-0.8249781089804502,0.6797490666501569,0.0,5.6365409314179855
285,0.0,-0.5845592017217562,-0.9394718745548851,0.3055076668175725,0.6317378302836648,0.0,-0.18950541594044934
286,1.0,1.9307321024887514,0.24118818483574717,-0.38755596023632266,0.20269464940631665,0.0,2.1321328559563275
287,0.0,-0.3274675426965574,-0.7164075770803489,0.16955563609565985,0.6035301804989692,1.0,0.4529510725707928
288,1.0,2.194988079908591,-0.08396642361933138,-1.5736508664280566,-0.8468066687446513,0.0,0.1919113126473982
289,1.0,0.019683971559729396,0.8403783771133839,0.2809365676635202,1.645559847029939,1.0,6.249385713362029
290,1.0,0.94758822057709,-0.5719842767845287,0.8731370531757042,0.3802790190792048,0.0,1.6362906532190298
291,1.0,-0.20656320568668074,0.4553864243793075,0.12075070325365582,-0.014397099284288228,0.0,0.3236771005901864
292,1.0,0.289158964559383,-0.758543798246865,-0.8274518678643259,0.15789266951554143,0.0,-0.05919376899629364
293,1.0,2.8645029457536,1.1920176382243783,0.35969776137958337,1.045578435385977,0.0,12.237716155731324
294,0.0,-0.7803484212259577,-1.2949275365490944,0.5775307756683798,1.9901330842867413,0.0,0.27548896700787945
295,0.0,0.8453319905580778,0.8130242484240155,0.46456932809331897,0.05678697223287976,1.0,4.3625690501095935
296,1.0,0.7270096124594237,0.9546691647149488,-1.023977778649253,-0.05317164519027817,0.0,0.5802611303159435
297,0.0,0.9995232450366343,0.227843231045255,-0.2809529885628568,0.1826000214226594,1.0,2.1661376683210842
298,1.0,0.475923699271924,0.9705300617939152,1.9863445661549903,0.5752663491278177,0.0,6.90148668156521
299,1.0,1.272946343797327,1.035183439151948,1.2814165249874263,1.712739733643152,0.0,11.884327359497064
300,1.0,2.2506324306165273,-0.26257366657322534,0.1339085485478034,1.1283854167362959,1.0,7.642694082661613
301,0.0,0.3233267114692059,-0.02205196929339326,-0.5439744922517794,0.12358043620830017,0.0,-0.05013352292019519
302,1.0,1.6451951597554828,0.006405658736579722,0.5897115132751732,0.38781880575789485,0.0,3.296914009216658
303,0.0,0.13873277383550153,-1.6213888494196165,0.09577893423685593,2.3377963554360277,0.0,0.6384210426423185
304,0.0,0.0632181168327482,-1.2669831882471199,-0.19605591714865445,-0.06750407103599187,1.0,-0.16209571565995218
305,0.0,-0.8240182173287858,-0.7239635944824329,-0.057804848214136346,1.0599217914696433,0.0,-0.18123062047502453
306,1.0,-0.6065037151595214,-1.1654686547868982,-0.5869203189336583,0.5150813648371879,0.0,0.034558806023561206
307,1.0,1.1197173832394758,-0.4116647177672469,-0.8137351351921229,-0.46623194893459885,0.0,0.038565080475939206
308,0.0,0.1325911511555498,-0.4207098003515399,-0.8464100609894809,-0.27468525512376973,1.0,-0.14717261009542965
309,1.0,-0.6521287864452254,-1.5039385677564339,0.916692056172985,1.1529469944027353,0.0,0.25199690768271654
310,1.0,1.130451302962645,0.6608402986669695,-0.864593561505771,-0.5596800480381664,0.0,0.4389683203962357
311,1.0,0.6985087493022379,-1.9502204953416782,0.12534642021072084,0.9673901038369882,0.0,0.20198793601015297
312,1.0,1.3680034570811626,-0.559419365514247,0.13802704885858597,0.8304801870547898,0.0,1.841038321900276
313,0.0,0.1943503186724338,0.1490333606180903,0.5694485872618384,1.9729784373553638,0.0,3.601304060126112
314,1.0,0.8622487673158659,-1.0184979711687723,-1.6691668630711185,0.5132175782341563,1.0,0.2084622543591011
315,1.0,-0.10807909271247607,-1.3787706337841925,0.05795624355526525,0.6675973710669884,1.0,0.36356707257068227
316,1.0,1.0333779713159528,-0.9003782835510159,1.7027185378018859,2.8823274757160036,0.0,9.110395889993224
317,0.0,0.9253889381987386,-1.7160989966520115,-0.5028724794239566,-2.1001026272120673,1.0,-0.0016937279473738798
318,0.0,0.197171972687617,-1.0299641911002606,0.6701671559144923,1.5307967747228886,1.0,2.5774435964406424
319,1.0,0.231990921573467,1.3969098252083998,-0.43014089194554933,-0.1856259905559452,1.0,2.2105005935424167
320,0.0,-0.37818617599473214,-1.7086803977327503,0.33193988082075865,2.671761369975001,0.0,0.6038061889235835
321,1.0,1.8219521040686986,1.8641890270749844,-0.004181375569175174,-0.23859279496327834,1.0,8.306777138029197
322,0.0,0.38669480956427643,0.4031360392203314,0.3561587070292173,0.24338879097156246,0.0,1.112316102044805
323,1.0,-0.07811804208746898,0.869002569475571,-0.12638243959975234,0.5880907678043462,0.0,1.1269159068721928
324,1.0,0.3615563782544031,-0.6889671632779648,-0.1616262881928415,-0.8283131012952468,1.0,0.11583516933075005
325,1.0,0.16604429428916573,-0.7599110718947426,0.7038018938986443,0.5245874676087717,0.0,0.5758063943792238
326,0.0,0.2090150136398456,0.1067951608960937,-0.22193676879173452,0.32283423486789786,0.0,0.2267929952784951
327,0.0,2.509124639926108,-0.11354715396466,-0.08312989389925324,0.5834657074225057,0.0,3.55851508692182
328,0.0,-0.41208314772929255,0.39720496094556407,0.11669033853968605,-0.1910113912344923,1.0,0.6083260417919166
329,1.0,0.49823007680393466,0.521335455404526,0.36394087262466224,0.6134323036648007,0.0,2.1481919831686644
330,0.0,-1.789519466460602,-0.3079278294714116,1.3065236080816591,0.7008372494178333,1.0,0.610803371481462
331,0.0,0.9292335634697702,0.5058202269892935,1.3649892180754915,1.4887466586215,0.0,7.599163400365297
332,1.0,-0.17172140436180472,-1.0206418933731713,0.6584256836550744,0.8052455582796275,0.0,0.357047874664784
333,1.0,-0.6564178962777354,0.1388534167467012,-0.13695635046504942,-0.13632391134752342,0.0,-0.07677908184412757
334,1.0,-0.5788233405229659,-1.0435766909933337,2.215984412690789,0.902139176219783,0.0,1.527730267523584
335,0.0,1.9611438112887958,1.07753007373494,-1.8833373226062464,-0.2733182970829654,0.0,0.5814035951241913
336,1.0,0.05678912978192158,1.0270661419654792,-0.42023890564729866,-0.3582912602261884,0.0,0.3411660610892773
337,1.0,1.5117689106398222,2.0113208478634252,0.2866872675726123,1.5286662309530723,0.0,11.88813028479673
338,0.0,1.1269681459704588,-0.17366765244033472,1.8058557008081189,1.2756683312553987,1.0,10.376828576621495
339,1.0,1.6688187392224143,0.5772982191198972,0.28095364393850103,0.3567388850679116,0.0,3.854218303468764
340,0.0,-1.2873719137572106,-0.07077311380009504,-1.3406454790349254,-0.7790187851426956,1.0,-0.03641084547280893
341,0.0,-0.32015270256054995,-0.15346545734733297,2.017041405596011,3.045909679503519,1.0,12.14141935755675
342,0.0,-0.7749093292306912,-1.8923964846257686,1.3789761661338458,1.8366966426563276,1.0,1.3011917327474185
343,1.0,-0.05002595022210077,-0.5407043861319187,-1.395615591133489,0.23829887184567838,0.0,-0.004673566155309228
344,0.0,1.7214670203836393,0.23252948581374439,-0.14038502909001976,0.9635239694135711,0.0,3.37696658771869
345,0.0,0.9958512907287492,-0.27464310238287576,-1.1676628117689412,0.16870186594180392,0.0,-0.10736891273956793
346,0.0,0.7695266225850291,0.6163321549444873,0.9905469985845691,1.5330691655295285,0.0,6.375060130035705
347,0.0,-1.26106739476178,-1.1199035123169734,1.0496859217113053,2.831979014602268,0.0,1.2053120655010265
348,1.0,1.3873479144645464,1.1989689313369554,0.2069387844133382,0.15972604441761384,1.0,6.783951796686646
349,0.0,0.45391018952850304,0.8890372439108563,0.07779366496091263,0.3562739854727923,0.0,1.6216454581955775
350,0.0,-0.8622946231193773,0.16347340792977505,-1.2906695044685517,0.28346565332101964,1.0,-0.21075470111956304
351,1.0,-0.41884197093440534,0.8512137749739854,-0.6267099127999118,0.6364865577741923,1.0,1.4295687879678902
352,0.0,0.08667797231329288,-1.1594043896051338,0.050923948066539965,0.5504806162490077,1.0,0.30239182157846617
353,1.0,0.058364421623327556,-0.40028795826743974,-2.727326556655168,-2.8750698244673267,1.0,2.0565774255140683
354,1.0,-0.7484920320142598,-0.13011306625806807,-1.7456971423246532,-1.5352401182973048,0.0,0.9242656996842995
355,0.0,-0.019062945147358623,-0.3939580038004067,0.009396383448917408,0.6772713230498162,0.0,0.1395479519711664
356,0.0,0.7083634289018689,-0.7105298345092208,-0.7852354690076264,0.8528800890041943,1.0,0.7552159567016898
357,0.0,0.655734979146333,0.327158360538127,-0.4642236571532786,0.08120103744451818,0.0,0.353421693512532
358,0.0,1.1439321323679195,0.8003092747077623,-1.4225049106037124,1.1593746058431469,1.0,3.2146580761068355
359,0.0,0.624811981838975,-1.8557755478523752,0.3867432965296376,1.0946372875394987,1.0,0.9594917331945538
360,0.0,0.8568301783189229,0.20666095209984586,-0.7836778842313156,0.33460273767974996,1.0,1.3935891134968508
361,1.0,1.180862164363049,-0.40941629872183827,-0.25482010909587643,0.5647534656786019,0.0,0.9777899210999795
362,0.0,1.5999343594044435,0.0029183653846019952,-0.0018996839523518988,0.5449697806891916,0.0,2.1810124592644327
363,0.0,3.103278167578664,0.4928131707115702,-0.021943863044580722,1.1634131851122533,0.0,8.812219793553709
364,0.0,0.6323910457563449,-1.056535774839972,1.293364771859746,0.7620863169466618,1.0,3.1018437394437495
365,0.0,0.9669660565033977,-0.30701159665475003,0.14478628386498865,0.3876903867575807,0.0,0.8868537589324337
366,0.0,0.11179301351907767,-0.18230068531905402,1.073097824717023,2.7314103025219127,1.0,8.927465884571461
367,0.0,1.2644302160178895,0.2248179304806937,1.2960641867432694,1.734919218898285,0.0,8.364836189038824
368,0.0,2.134690321203769,0.5244355732324513,-0.0025610405025392555,0.46733585576784775,1.0,6.966741001455651
369,0.0,0.746222912052189,-1.0565709585894036,0.055788105922344074,0.7292876637591805,0.0,0.26521606829970784
370,1.0,0.39019923433831877,-0.7014481320850801,0.5199973905719163,1.0210973450288257,0.0,1.1452068821298163
371,1.0,-0.03935360623023376,0.0456265323678165,0.15066846171067746,0.2956455082989167,0.0,0.37402755037464985
372,1.0,1.7340981593020754,0.505159266661152,0.09382564759265417,0.7792056667995876,0.0,4.388322366627946
373,0.0,0.32197369531848075,-0.7875789973932765,1.2437200259498693,1.2419859221288367,1.0,3.9413686113212383
374,0.0,1.390361279399588,1.5119413490931009,1.186864128150428,0.8465554711862178,0.0,10.021070453077503
375,0.0,-0.6896974311514101,0.05504345926164744,0.19743309652163243,0.6199521920464394,1.0,0.8765496040586023
376,1.0,0.9081775387972512,-0.3756165985923169,-0.027130202239569984,0.5797280375635236,0.0,0.9599190346839441
377,0.0,1.9356986777915448,0.3918851612889182,-0.2373044083660242,0.8766467469716928,0.0,3.7815123186628674
378,0.0,0.08692656649776176,1.1379413046024607,-1.248524164517788,0.439832649279332,0.0,0.22655613866119917
379,0.0,1.4427798282236064,1.0768899384036734,0.256920694622821,0.4539796000097643,1.0,7.432910232334406
380,1.0,1.4223693670036388,0.1610138910053044,0.9792142088569041,1.6495909320274098,0.0,7.5862301019490594
381,1.0,3.236966048886181,1.0319201671348917,-0.002752079212308903,-0.012450903841202843,0.0,7.365672619270292
382,0.0,1.5132332023473567,-0.3824684435206191,-0.1637564963543371,0.30699791640361684,0.0,0.9704869864896364
383,1.0,1.3866077325833668,1.380880770986867,0.40009845933297866,0.5813184708089183,0.0,6.141853838383982
384,0.0,0.9084709455458855,-0.17828246756703633,1.962311117028318,2.502409455231558,0.0,10.697489454349235
385,0.0,0.6764879230866448,-1.0560157844624627,-0.6719616461315733,-1.3323849091390016,0.0,-0.0658627575973294
386,1.0,2.0719455837694083,0.04899068042978333,2.621069276146427,5.128993850593014,1.0,48.3393146175302
387,0.0,1.4734923046120754,0.6460147366559001,0.12127384389291285,1.2547968870088533,0.0,5.145936914412708
388,1.0,-0.33595243658394125,-1.7246775661315141,0.19306780697410011,-0.7203944099060661,0.0,0.23987059117334208
389,1.0,1.5727962775589228,-0.15827129890108804,-0.4724728370266458,0.4318921973998403,1.0,2.8415318593120675
390,0.0,-0.12240961658553351,-0.32802297287903204,-1.5464705379653991,0.08601004654373012,0.0,-0.1735343872109204
391,1.0,1.6660545725717326,0.8999958553896139,0.43418677937827377,1.0737930254899197,0.0,7.157830015366758
392,1.0,-1.8100438709256972,-2.101296598370749,0.33591167472943145,0.8417742326361,0.0,0.4629954821273261
393,0.0,0.6658633753424696,-0.6763634956450809,-0.1930585190327038,0.15378101952942358,1.0,0.6445353841774786
394,0.0,0.3766098844309309,1.144648575861672,0.7889347085558202,0.7328951124475709,0.0,4.023505398283573
395,1.0,0.805359530358283,-0.8871524026945004,-0.12575552883666347,0.8570381690309851,0.0,0.610219712462401
396,1.0,1.252786564402991,0.16024920230857376,-1.2979559681531727,-1.2902704723323364,0.0,0.031078441831894954
397,0.0,3.1398356540328693,1.7526982612151063,-0.2006025918960604,-0.08312029243034524,0.0,8.216777316115667
398,0.0,-0.8921433752462504,-0.027120851478003805,0.6204261302861892,0.4997257521485944,0.0,0.09906782671420852
399,1.0,-0.04604463711235296,-0.734758257012443,-1.3172215613953127,-0.850509869100868,1.0,0.10280513454709161
400,0.0,0.5015078061066636,-0.6986944128416264,0.44360749755373474,0.42923257642977675,0.0,0.4111696712802697
401,1.0,0.173780553161633,-0.9331128812551257,0.6370400069312493,0.9721797177045116,1.0,1.992236421057673
402,0.0,-0.22774428788573609,-1.4252769418981706,0.31671050131450995,0.8281277759545798,1.0,0.2771211190413158
403,1.0,-0.1499649377585659,-0.28051503653488247,1.13370941751702,1.3943744910005145,1.0,4.392976287343931
404,1.0,0.4700467048145271,0.22275110903686018,1.8354361192281448,2.0331806780039576,0.0,8.703850731135507
405,0.0,0.4570405098953199,-0.3192205588520423,0.30627134124476285,0.5140762397211445,1.0,1.8929319458750227
406,1.0,-1.0314043798682841,-2.943188253878911,-0.6277364139677283,-1.4586475283079148,0.0,2.0948083214416253
407,1.0,-0.2695244454476533,-2.3017840748816565,-1.7421258229736616,0.16892004277795208,1.0,0.6601687638679727
408,1.0,0.5971576437573665,0.07301030206337317,4.622014754771719,2.358053127111612,0.0,22.5361615742521
409,1.0,1.8818685460214777,-0.4536937636964441,0.266967810729552,0.6562929167986264,0.0,2.7716311882352405
410,0.0,0.2521018217038508,-0.9496761590304219,-0.2833234014569684,0.16555696761726557,0.0,-0.2271261017241118
411,0.0,0.17331087907620157,-2.1881822000418856,-0.20878356767190756,0.4822095663482304,1.0,-0.21154204756997666
412,1.0,1.1062805476457123,-1.5096827101990011,-0.5622174114665173,0.2162769254249987,1.0,0.4231241761718881
413,0.0,0.8520929180826048,-0.36754145986564446,-1.1515744405995603,-0.22562434295508327,1.0,0.05061256417672282
414,0.0,-1.0064197995116473,-0.06150387514581407,-0.4435407819342099,0.2592694497014808,0.0,-0.25038365828436937
415,0.0,-1.322920668728711,-1.1677225149559456,0.06086301815636634,0.41822650250071236,0.0,-0.1519221254934301
416,1.0,0.5057762351931665,0.23893990042868668,-0.05602206505439014,0.05246092422174786,1.0,1.7515428969344673
417,0.0,-0.47785328793894577,-0.7513849024624,-1.2462250520159048,-0.25780118674990526,0.0,0.022199674304612227
418,1.0,0.3389302612060877,-0.32904202868728843,-0.3828383704122003,0.4925633001753612,1.0,1.0238559652164394
419,1.0,-0.33687132205001347,0.018540677061282096,-0.9879712129713364,0.6166423556386964,1.0,0.39332981390131094
420,1.0,2.2443946695587877,0.06469153680500539,-2.960956231133907,-0.7812256551786728,0.0,0.14920693990233852
421,1.0,0.037853780778205615,-1.290670333417425,1.6507839457989686,3.0664662362545827,0.0,5.1614063313493315
422,1.0,1.453506675071321,0.8524010502422483,-0.6015461181588352,0.5359104610505914,1.0,4.778741345413177
423,0.0,0.2604824572216034,-1.2236803718789069,-0.09770987035768249,0.8385072462195,0.0,-0.08855186414178208
424,0.0,0.9082354939817258,-1.8377612280216198,-1.9441967742802528,-1.9949349932647396,0.0,1.2040273269755013
425,1.0,-1.3516190415974203,-0.6992912796073224,0.7592491225403135,1.1453093078025787,0.0,0.21618953128310295
426,0.0,-1.014876510610363,-1.041090688257737,1.1351319178095851,0.10650132180487304,0.0,-0.22714730044218304
427,0.0,-1.5757050197619473,-1.1933934167895202,0.6009480898910703,1.9878326616829982,0.0,-0.0735752538961294
428,1.0,2.2108099704817668,0.9826775209625658,-0.7791597111809572,-0.5905880151171897,0.0,1.9526013686869441
429,0.0,-0.5938659768201786,-1.7430135777347526,1.294944596794998,2.1124828555841133,0.0,0.753666339417199
430,1.0,0.6911083176490586,-0.6931559651142087,-0.23325520765170774,0.10769216376535312,1.0,0.7957752580954042
431,0.0,0.3629821285054012,0.6631650782338099,-0.00857282592831157,0.2734865910999286,1.0,2.454913991099176
432,1.0,1.5616176753133828,-0.19482897344523764,0.29156556213649154,0.7852363502988065,0.0,2.9416148203398134
433,1.0,0.9766840785172703,0.08128595650493314,1.065439058270268,0.5728978791079699,0.0,3.4616537582213267
434,0.0,1.3681660116079584,-0.5550680796176168,0.960066116396678,1.7951662359649618,0.0,5.288562827489513
435,0.0,0.020966189466384233,0.30342164186690185,0.18838164913603012,0.7483167153766769,0.0,0.9631531335177875
436,0.0,1.531254555011193,0.04359618964329526,0.7620204676341769,2.7120502847788845,1.0,14.760565674966255
437,1.0,0.18373375762537053,0.6563780325819109,-0.5260467632200015,-0.10433691231287645,0.0,0.26958661711512605
438,0.0,0.1504821256112342,-1.1135570004438686,-0.8306019826291946,-0.27743839095292466,0.0,-0.15147161024240707
439,1.0,1.4512924427849645,0.16750677722889123,0.2868624972805576,0.5465583417817159,1.0,5.302725554087161
440,0.0,-0.5039459932449,-0.6415331262308434,0.3591733995638568,0.8479241708471694,0.0,0.02840916769996537
441,1.0,-1.5048198169146483,-0.2717299838640919,0.3357592868834013,0.001310603475825678,0.0,-0.041925564658127745
442,1.0,0.500269590845973,-0.738450473615287,-0.06793832451658335,1.340628939194899,1.0,2.2660730145722434
443,1.0,-0.4535600150263973,-0.918779985002284,1.0599756297109002,0.4382602962529111,1.0,1.089014064996999
444,1.0,0.4294393562954237,-0.11559926648870286,0.3947471548938436,1.0623352567225057,1.0,3.635655696104715
445,0.0,-0.326211804848338,-1.214910691517935,-1.3271818411880176,-0.6882503907495375,0.0,0.3237855057441288
446,1.0,-0.11534062902843478,-1.4033651441465615,-0.44658701715799204,0.725889554363303,1.0,0.17063956031601737
447,0.0,1.1526859576045458,0.018616165274512153,0.03673651353628871,0.21347789797593303,1.0,2.6867953060782854
448,1.0,-0.2047941626310137,-0.37457524029842004,2.0670648596775076,1.2578865867537248,0.0,3.5405160771113806
449,1.0,0.43398094278231486,-0.3756116639209009,-0.23499998219929807,0.2821124317726472,0.0,0.20901832191413827
450,0.0,0.6892163467044831,-0.5885982931982202,1.2090299567778378,1.5890631668139825,0.0,3.643688542470871
451,0.0,1.053659239582903,0.9335602732919144,1.4574062943494894,0.9310119353155415,1.0,12.015793982993
452,1.0,-0.9698306431546724,-0.9382776150063452,-0.06689580186876719,0.37139318596092763,0.0,-0.02202010116427866
453,0.0,-1.320040640914302,-1.3835080334762198,0.2001503834047176,0.639702540440937,1.0,-0.22966927310173973
454,0.0,0.845419022641559,-0.494970206871155,2.459627273223456,2.071904293232407,0.0,9.40510215416468
455,0.0,1.6392419499923119,-0.95206782357332,-0.15017324618262154,1.0798248130718306,1.0,3.041998215635385
456,1.0,-0.2615394681316805,-1.1083807093182592,0.17179647775907636,0.5508630155942996,0.0,-0.0074348892412722245
457,1.0,-0.596361808457639,-0.2611512065065739,-0.3379952348159803,0.7925266144444605,0.0,0.04347502471233648
458,0.0,0.44101444763798225,-0.0645279877807281,0.7192487801467929,0.5562267464978188,1.0,3.155808957333945
459,0.0,1.1355875198728063,-0.9491445531751002,0.19740934616235253,0.9778405214087003,1.0,2.574186325627383
460,0.0,1.8032445602888632,0.16254329581047938,-0.6857487214291794,0.7170506354147622,0.0,1.9297938756518618
461,0.0,1.7779388236606934,0.4424528494149434,1.4543989626384553,1.4280873887562318,0.0,10.623649950185197
462,0.0,1.0419465982959464,-1.160872242744501,0.3095625593436291,0.053735840720443684,0.0,0.12300308866230172
463,1.0,-0.18383401539333544,-1.0788900716416614,-0.40090765425986746,0.49852217049595615,0.0,-0.053466377054811665
464,1.0,0.4545002011095617,-0.18012391036591727,0.09083962041035769,0.8811139520806364,0.0,1.1177615658438251
465,0.0,0.5691478987415646,-0.7533106220500011,2.5837974362050917,2.769581405789083,1.0,14.879488493867353
466,1.0,0.293643472279458,0.2582486332539983,-2.7316282373461465,-0.07015905679153378,0.0,0.23113169764529184
467,0.0,0.22348944548253746,-1.6602141755905049,0.7923976538840004,0.8907846554132955,1.0,0.9526207762593675
468,0.0,0.6743177831407168,0.4656132038265695,-0.24550765082004083,0.8271722837872679,1.0,3.2991101558707876
469,1.0,0.038458725069595134,-1.162059607119683,0.0969445669477169,-0.09003667111805391,1.0,0.15760692642966576
470,1.0,2.3129665839625857,0.4532590432951195,0.14516327796952827,0.7246417560756067,0.0,5.709592366431066
471,1.0,1.0887018398670087,0.4427154557107114,0.6814287373447623,0.15371153334214555,0.0,2.796771570361501
472,1.0,-1.395047757964204,-2.3874029474407816,0.5490499561668721,0.6214430557934131,0.0,0.4148215551713894
473,0.0,0.8620102799178545,-0.7859652327689945,-0.7424828879182841,0.5607256513367084,0.0,-0.04480189765691525
474,0.0,-0.5206883425722277,0.626058526195381,-0.5091359785521844,-0.12453916106383345,0.0,-0.17713570274583718
475,1.0,-1.2016561412219957,-2.313068708767447,0.41437972168753795,-0.18193057396956835,1.0,0.29049538789157814
476,0.0,1.1101874753634375,-0.010352222277782597,0.010693055646658702,0.2783661476672049,1.0,2.6264196841359073
477,1.0,1.5107836920640973,0.9797349981908257,-1.0213362588827795,0.7102054791542203,0.0,2.530072956555883
478,0.0,0.08869195028822119,1.1082964992671378,0.5328811160424228,0.27493659768699336,1.0,3.9308172594203135
479,1.0,0.4881773252739392,0.6985792058367353,-0.07541234745147189,1.3683192392145795,1.0,5.388952228286263
480,1.0,1.3492717962530556,0.09240983233054045,0.8288536246599867,1.0795703352444401,1.0,8.148161895800934
481,1.0,0.2990417044948524,-1.1042308895583712,0.21299054471841553,0.7670277775166885,0.0,0.29176608760298883
482,0.0,1.1216083146883964,0.9116849063342156,0.5065526639008484,0.827956643148306,1.0,7.957362215290214
483,1.0,-1.630545768305275,0.1802198308170299,1.1727844833022476,0.8606411287573026,0.0,0.6140409646486387
484,1.0,0.3298949739417405,-1.5074332972886326,-0.6385612776997315,1.6863224014648108,0.0,0.2317959044568021
485,1.0,-0.8890989696816014,-1.6482548329602686,0.732216840099382,0.769845806351111,1.0,0.3098700966954209
486,0.0,-1.3426399861914102,-1.4398469292864235,-0.5367687271986895,0.572315729148475,0.0,0.05849745167456999
487,0.0,-2.0430720479598863,-1.3897675400726741,0.5767581339996545,0.36089091955251373,0.0,0.022230938202059347
488,1.0,0.20768518381278522,-1.9273545995506642,-1.4746829540012083,0.3294381321226941,1.0,0.16429288217049487
489,0.0,0.23668239020843734,-0.40219019478468876,0.649136469525383,0.5453250472472154,0.0,0.720536332174257
490,0.0,-2.180756505039149,-2.7344650059252658,0.830715799032789,0.7917902173446993,0.0,0.512680194123647
491,1.0,0.34376250293560684,-1.530584306987495,-1.7253022995901155,-1.3322739520124767,0.0,1.0375308697553183
492,0.0,0.18163294355461945,-0.22518866019219597,-0.7799166706933113,-0.15452979479610973,0.0,-0.24360259258163203
493,0.0,0.11567113091242281,0.270816904302913,-1.1404618871834429,-0.42368727647259863,0.0,-0.24953932536449308
494,0.0,0.5707009386459236,0.6374217564883411,-0.23427112710525141,0.26380187344889466,1.0,2.358325856231346
495,0.0,1.1341446848374996,-0.8101384475850125,-0.03919212529862089,1.2032812851996098,0.0,1.2247859817550029
496,0.0,1.4367780776742602,0.13550351755389756,-0.5089599922027149,0.5631053006512214,0.0,1.4027072905176827
497,1.0,-0.8455828849295186,-0.28138772128947864,1.7433721850767618,0.9930894961764758,0.0,1.6439334690418195
498,0.0,1.2503189000942325,-1.2840762610657541,-0.4400775236069859,1.5294626930600985,0.0,0.7419851074151209
499,0.0,0.29218384324476654,1.3896273488025985,-0.05111833078444582,0.15206256489694248,0.0,1.6211473296791667
