,0,1,2,3,4
0,-0.46997797530536545,-0.9865380104581594,-0.08487744104547229,0.4122459488652192,1.0
1,-0.2821832457382103,0.12129923342897403,-0.4105285519300124,0.32517080192766606,0.0
2,-0.8017712893719704,-0.6897769242377461,0.15256634832204455,2.137339732111544,1.0
3,0.13432543998780305,0.4697807514207077,0.14672874162376262,1.1737509738307572,0.0
4,0.49732933840492943,-0.5324412950990154,-0.09932661882784159,0.7249435537590376,0.0
5,0.8351816491657285,0.3411916305536505,0.7219126980491878,2.5182345511402824,0.0
6,0.14985872485171048,-0.945836923587561,0.015991791962860696,0.35195587593437594,0.0
7,0.8099191714492799,-0.6448273172275119,0.3528552843601186,1.2453509091426054,1.0
8,0.05022908917256197,-0.4102129379404745,-0.04508496312533856,1.1422355119591434,0.0
9,0.5776069128239218,0.33618745576107784,-1.1361968483403484,-0.25294319455870873,0.0
10,-0.23885819778021944,0.5698973698304037,-0.39588029242671957,0.38421463773423925,0.0
11,1.5888544957585327,0.6836023184250077,-0.6676928886404275,0.23797652676503256,1.0
12,1.3759750994558997,-0.5330122428575914,-0.26219237692839387,0.07753266734490294,1.0
13,-0.13415387225569075,-0.38678910004552697,-0.13135410202139464,0.4731382291459465,1.0
14,-0.2345808806798959,-1.274110831329797,-1.2236872724405172,-1.1331387083070674,0.0
15,1.4332294635391463,-0.8665125992371305,1.5293981514341002,1.1576542048876983,0.0
16,-0.6008843916190973,-0.5346314631467051,0.3277505481110792,0.05585859330447562,0.0
17,-1.427463290672383,-1.9111171396589364,-0.03183035297721875,1.4624707329977285,0.0
18,0.2081360176568513,-0.9652624662073832,-1.3664505889446192,-0.22637506417716424,0.0
19,1.6541563147455327,0.4367100453185692,2.5714758548372605,0.827304087695989,0.0
20,-1.4617757879939877,0.9402661820673082,0.7407391893197172,1.338495014510638,0.0
21,1.0506350304974685,0.6983727252859318,-0.27003871283021,0.67182011306326,0.0
22,-1.9495659242774068,-1.822079878237729,-1.4720171305876233,-0.12592512859048755,0.0
23,-0.5856452174188604,-0.73202238201402,0.351366638225708,1.4496567830242832,0.0
24,1.5306381782941119,1.6905312477487817,0.8782703934949209,2.789931766757482,0.0
25,-0.14719826569631556,-0.5594535963698464,-0.2730753508044005,-0.08775380516614639,0.0
26,0.33148997012422665,-1.8508976923327556,-0.36247248149617,0.7102481321198187,0.0
27,1.7068925288040386,-0.8167142112752064,-0.6372694798223854,0.24802202312697114,0.0
28,1.2179847883007695,-0.7079516791124023,0.9688864335555673,0.6733063289673331,1.0
29,1.1119533633596475,-0.42976890758200337,0.5795652568911547,0.4533348341500889,0.0
30,0.6271128998208717,0.6499912268483354,0.10421840190439931,1.192199435496924,0.0
31,-0.9108751277657223,-1.3024715965718539,0.5930661079138306,0.9418041264566989,0.0
32,0.35631757343046644,0.3016466411764956,-0.9097188077614548,0.05069423937797568,0.0
33,-1.227843441209834,-2.3559541938037567,0.8962304883894603,1.0527557614618146,1.0
34,1.5884777831582542,0.5402519615132664,0.062171216579800466,0.574614156147865,0.0
35,0.5654092199569034,-0.4451952377917012,-0.3166035948738475,0.4988460133710291,1.0
36,-1.1527653777948133,0.21986445058668352,-0.15820275484726407,0.575447479534617,0.0
37,1.2309568799189226,-0.5225719613917029,-0.8925757180399918,0.35869375980837903,1.0
38,1.0675374018295924,-0.02235752116959705,0.18554420846738215,1.2351661704808434,0.0
39,0.1939785936353115,-0.5743835356660435,-1.581178529381513,-1.3573214279555499,1.0
40,-1.523595552256305,-0.7577935086126139,-0.5700956521041628,-0.06651485308038774,0.0
41,1.2126816487102448,0.05990074311361343,-1.6343859513505197,-1.3217485785859844,0.0
42,-0.40658524807857066,-0.8377395235579079,-0.4687486063747962,0.27422673996631014,1.0
43,1.7768499952717314,1.2611908904946765,0.16737142470813846,0.4520907855058691,0.0
44,1.6976798953542596,0.6490008075458995,0.26762566808305693,0.536236127694264,1.0
45,1.377469001612443,-0.07324595331083156,0.6035609301251328,1.8825054783592292,1.0
46,1.7559637862012152,0.0583789800487427,0.07051616654828571,0.45001979662583214,0.0
47,0.1437330899059034,-1.1211031162491116,0.08151615874957435,0.7282379721293422,0.0
48,0.9291648322883097,1.3133375093413673,0.2748328735809519,0.25193482699215597,1.0
49,0.8268780962125711,-0.45504538667951006,-3.0053608124965367,-0.9409366811599559,0.0
50,3.3388660426085037,0.3913948219591718,0.2483673493949334,0.633819404168415,0.0
51,1.069589087630177,-0.6271886234453217,0.5125599202183173,0.23950180372483482,0.0
52,0.8326142253455056,0.22165514370637446,0.2381237056823281,0.020846226516766708,1.0
53,0.7712146971289632,-0.1219670877406106,0.46707413180532975,1.471242017208969,0.0
54,1.6162110818432085,0.7622230940355363,-0.03483425269575954,-0.9058293683100728,0.0
55,0.8408151042630668,1.0536517744205087,-0.02001390530728428,0.8789084346196381,0.0
56,-0.6013111128492499,-0.8252373976045505,-0.4405642505362136,-0.49859509441375394,1.0
57,-0.00399641905104231,-0.7640418806681027,-2.2971629043481596,-0.7413205322126414,0.0
58,-0.09345303643423741,-1.625218097108196,-0.16623182102246192,0.7870699246043814,1.0
59,0.3195986984942913,-0.14219614178530116,-1.1043887224551092,-1.5765706746070776,1.0
60,-0.3828787024401705,0.3840969830734849,0.7486334738353766,1.304815740195572,1.0
61,0.17622317286566908,0.8424644097402909,-0.08541713400867486,-0.8206231637753724,0.0
62,0.428610745797148,0.45165687780862335,0.183687647337863,1.090904308482079,0.0
63,1.4138630222672968,1.0583328554296956,-0.5181527545569661,0.06205842209866097,0.0
64,2.4372202265167484,0.14896345701680225,-0.008327710701340566,1.4674448244239522,1.0
65,0.653786123066352,-1.9987613330597436,0.11398067140291157,0.9259099936659732,0.0
66,0.7658683910969754,-1.6110553100134342,0.02056445117009309,0.5203913078900917,0.0
67,1.6981994742705806,-0.8015721312156268,-0.6822710665996198,0.04282910768851966,0.0
68,-0.9515385995653158,-1.1293867188478512,0.5343817579316198,0.69298560476574,1.0
69,-1.1976615727590882,0.22317713127211908,-0.2398655481404437,-0.00135246837742109,1.0
70,-1.24013112532077,-0.7111911188455404,-0.21855779991144852,0.4529669114845445,0.0
71,1.1525669261435239,0.33053392280106514,0.7773336251423597,2.1415479757356883,1.0
72,-0.7785086529826102,-0.868638039023423,0.14745431129053685,0.034923015744620756,1.0
73,0.6277761516408076,-0.19984569142020314,0.940559531007857,2.5343568258007516,1.0
74,0.23874469219582195,1.2576653718705328,0.03253508015698107,0.12217368210098467,1.0
75,-1.0291800400238726,-0.9566474190803784,-1.9401703720003696,0.38739188463488705,1.0
76,1.390127372417423,0.09166928990767403,-0.5675431129014915,-0.39839235265662876,1.0
77,0.7425998201873701,-2.1568194696321346,0.9050937023110692,1.1805041441858313,0.0
78,-0.07995367922803687,-0.6148355533486011,-0.2564920873589026,0.6257013856871749,0.0
79,0.5622083218808452,-0.27113063269486215,-0.4086142311828952,1.2956533491859372,0.0
80,-0.694542605129308,-1.4177489131027456,0.7029781454933781,0.5703427908317162,1.0
81,0.4738724420479938,0.002706497932371321,0.2918979526816588,0.6982297200822278,1.0
82,-0.20073755873534171,0.5314832587619907,-1.8001586340642954,0.011734309838601686,0.0
83,0.45991750960938127,-1.3615496143733545,-0.2955351104900036,-0.013893313784958727,0.0
84,-1.7406573776321848,-2.8881880209850497,0.25157438263270987,0.2498619581598448,0.0
85,1.852265709153093,1.5513362906006614,2.4186002364873067,1.664194481017717,1.0
86,0.695295540601495,-0.41371994827428,0.47221349524087464,0.44208367647141855,0.0
87,0.4965563186689439,-0.9861953503325296,1.950520116878863,0.6877631417203567,0.0
88,1.1350082678775175,0.34673898766389116,0.6146392076066128,0.5410934097819069,1.0
89,0.17708955486370304,-0.45887000709699655,0.06660540452358465,-0.005757884080563991,0.0
90,2.3212949873738027,0.6600443786620673,0.16745956237837714,1.0339236021942266,0.0
91,1.2099245968778132,-0.42579984406306726,-0.7862131428855778,-1.639977912040493,1.0
92,-0.052631856878297634,-0.15377645148533528,1.4548674246371782,5.580502500598983,1.0
93,-1.5866321908586416,-1.7411092697508965,0.6804863956911312,1.1715852307303325,0.0
94,2.055491123698717,0.049611021374281694,0.582508420266963,1.0064962301151335,0.0
95,1.3577022542608053,-0.8309151672367365,-0.9237091158419671,-0.2022172860294561,0.0
96,1.3511135728969177,-0.9495645520064431,0.3998485369456002,0.8097346355512796,0.0
97,-0.7392917160867107,-1.0142716537830403,0.34611412444452966,0.3625659792489572,1.0
98,-1.0501746784979784,-0.25495731225589335,-2.749234751166792,-2.3889469874011326,0.0
99,0.16130292371671573,-2.1884682463303844,-1.258644890599527,0.6402790594121963,0.0
100,1.3302660341754424,-0.9363030837017041,0.9433674187548002,1.4783597095459091,1.0
101,0.3467965454041177,-1.0133007311531994,0.7493700546433337,1.2402167360414365,0.0
102,-0.20736897167699309,-0.17831143631298965,-0.12128026071010897,0.790988201994397,1.0
103,0.35725063913372973,-1.032417653138659,0.02415212457221332,0.7439633187601932,0.0
104,1.1471904351740985,1.9141239050289525,-0.4372844750185629,0.2804938373179757,0.0
105,0.6105277347071825,-0.8181415126338063,-0.024092441792652006,0.44778344230666034,0.0
106,-1.6960203294360308,-2.3779767208309543,-2.4728271428996806,-0.6486700343164177,0.0
107,0.5130552670584991,-1.038831607144704,0.40222356727210906,1.931332348284852,0.0
108,-1.3135298651529996,-0.1356328080642683,2.0494456476114467,6.258550260872002,1.0
109,0.636595956806831,-1.1260320064127014,-0.5907106185465293,0.309853257345613,1.0
110,0.0756209979729654,-0.29588911667386253,-0.011078993694816412,0.6399730927604458,0.0
111,0.435700873720966,-0.16967814200497225,0.35220084905249543,2.6190001581819926,0.0
112,-1.870656801756435,-2.044447092792362,0.9556670054919809,0.6742553726265601,0.0
113,0.7814333026912488,-0.7330622873733414,0.21203048320002715,-0.8343419768290351,1.0
114,0.6392030216892093,-0.060822360941377496,-0.13139335351468076,0.34832105361520216,1.0
115,0.8919067971101364,-0.33340101377672365,1.1318269311556661,1.158035110781618,1.0
116,0.6607769844871368,-0.37685314817208765,0.15112626406620072,0.55227278908723,1.0
117,0.577894232790033,1.2043040446863118,-0.7598412062841753,-0.11850415526883917,1.0
118,0.12590595502875995,-1.0844436008507499,-0.12078837729365124,0.3163111535065801,0.0
119,0.09670749820717878,0.4088362390718759,-0.6305600140210964,0.3665475416238228,1.0
120,2.501299855243443,1.7220661444396346,1.7046035580313776,2.003973406480908,1.0
121,0.08597070686566521,-0.2787120957014757,-0.8829397628272792,-0.08275161624020055,1.0
122,0.0020372760452205263,-1.5541394865322578,1.172385082885667,1.1761570576645068,0.0
123,1.5830139355197168,1.0673963389777241,-0.5104428705552719,-1.530168170418703,0.0
124,-1.6273024878347946,-0.7185095142793959,0.157855182988943,0.6893119350595913,1.0
125,0.2775413572749723,0.1743569816228871,0.13290843741591346,1.1029239885701172,0.0
126,-0.30452432122649475,-0.7081905808575029,0.08288078561135123,0.6013114941568953,0.0
127,0.6034316537351418,0.29868771352093254,0.10127702818870506,0.9682015087766604,0.0
128,0.5526539551127571,0.8831757492725709,0.7084431718208958,1.155325472291105,1.0
129,0.5742860754592628,-0.6624871116326397,0.4535958960796488,0.8472176305903056,0.0
130,-0.806710817057489,-2.95198448702702,0.12712131489232675,0.5339157396894141,0.0
131,0.9853141852836744,0.42484713009687697,0.34205766838203777,1.5345161977288009,0.0
132,-0.2559136673157367,-0.64694615799468,0.6269523909737914,0.4110393753786912,1.0
133,-0.10672856704313549,-2.9582998561050013,0.3921942662008685,0.6541260042124069,1.0
134,0.8398062275092391,-0.039997906302136954,-0.21022265376057245,-0.03921698511426075,0.0
135,-0.17167125551785756,-1.245701526658876,-0.3747468636927099,0.31915230583623233,0.0
136,0.8317144726268282,0.507280621717956,0.8818957911618146,1.5926118772010742,0.0
137,-0.019068345117592478,-0.6076884958383568,-0.8959885355145386,-0.4451967749120894,1.0
138,-0.5387270635347026,0.20155236981693364,-0.6127497077159626,0.3164144641598698,0.0
139,2.259630396109805,1.7357474927833867,0.10497895737720296,0.7716735981574575,0.0
140,0.6713292470449872,-0.23266926474867372,-0.6174034471240987,-0.13803378837962976,1.0
141,-0.036209600193291336,-0.5052041722206657,1.0992770432544892,2.4584804574757606,1.0
142,0.5928655959044815,-0.9361257641677392,0.861611882202242,0.5935349830965606,0.0
143,-0.37423725803805397,-1.0991202417310775,1.0410564770681723,0.667165073796763,0.0
144,2.388409771626079,0.30770633960388233,-0.5360599909472652,0.23830527942790275,1.0
145,0.25177143249657,-0.5368290728254316,1.322502062859018,1.6172252297848622,0.0
146,-0.5415916679055064,-0.5030269142752721,2.0176400389278206,0.8754476110251528,0.0
147,0.19623106275774366,0.14915997749076487,-0.00799895132695571,0.7160184717008342,0.0
148,1.0373661091503583,1.0872475717345151,-1.775982426951819,0.18006398703775017,0.0
149,-0.4234594671827756,-1.6899860085618805,-0.35964648353433626,0.6841644971728034,0.0
150,0.0173042202437359,0.9940674655903678,-1.3536843167531052,-0.6934642644937948,1.0
151,0.7442286356256591,0.05153502835118534,0.2973840043149685,0.35822695412371,1.0
152,-0.39111325966200217,0.5978492362071848,0.015019421636733156,0.3777336872240298,1.0
153,0.8796072687476927,1.8382422053466472,-0.47098298634903435,0.9027659066532281,0.0
154,-1.2758101306781588,-0.4566571209949847,-0.31884187837771505,0.12000344041084043,1.0
155,0.8208568015737888,-1.5381195594381052,0.5697616980029043,3.2125985872066694,1.0
156,-1.017633500215332,-1.4928743013537407,-0.0807331371428331,-1.3206745862556901,0.0
157,-0.30879912808709065,0.7973341542754828,-0.373401569919015,0.44836577911296793,1.0
158,-2.4592643308698126,-1.9433823056844415,0.843528125667447,0.8471276674070198,1.0
159,1.4463200243107848,0.33437755488195714,0.3043664160318192,0.5006723466889864,0.0
160,1.1652929988379999,-1.448650601654552,0.3028212821169772,0.8132346656580953,0.0
161,-0.48695415350597704,-0.14353113539755388,1.161831785054956,0.9095010493295103,0.0
162,0.5122699641994427,-0.6023781080322225,-0.5850174208381597,0.85775010663881,0.0
163,-0.17063062813444507,-1.683332615116759,0.5947651199479357,1.3726581624070127,0.0
164,0.9353457015423089,-1.1760817194507893,-0.5537235288779858,-0.7486776445471602,0.0
165,0.5390001281191308,-2.2659606093560387,8.914423260881022e-05,0.5448210660988803,0.0
166,0.2326340500595367,-0.310203546933871,-0.40911391539743247,0.5009245060443751,1.0
167,-1.1125329663585664,-1.1778618669154703,-0.18942576231117061,0.011786373069623157,1.0
168,-1.083596596216064,-1.0793686984905282,-1.2743296776727004,0.6364213957333138,1.0
169,2.241655755502064,-0.6122810127768485,0.6471561528007832,0.9998257187308268,0.0
170,-0.14614092372789744,-0.765779218989306,-1.4071681939939613,-1.6008038653147452,0.0
171,1.4865943253321365,0.4102515686471076,0.3891232601077849,0.6228959106225824,0.0
172,-0.336114525793926,-0.38768398206994326,-0.3235974428625079,1.2758071960215056,0.0
173,-0.3534351985921864,0.7174845887145014,-0.9566715468471115,1.1457339589586826,0.0
174,2.6960890573480767,1.7064383225610602,1.2456590395903422,0.3920035792548555,0.0
175,-0.06218730463875288,-0.28312929637417533,0.30459810390048464,2.034624498820184,1.0
176,0.19392741855727302,0.42319192118283394,-0.036713492317699006,0.3449490988417935,0.0
177,0.08609721444011176,0.890939051729563,-0.21030662168307868,0.10692233145053426,1.0
178,0.7428055905592914,-0.9063050409516207,0.23318035396825443,1.3574228904757262,1.0
179,0.23464113707195133,1.831650722677978,-1.9829913725098178,-0.2748565280982407,0.0
180,-0.8136855483128285,-0.6466011770169275,0.5476649928871296,0.9309094839179666,0.0
181,1.914220002883884,1.6180762680913399,2.0389808420508495,3.3759104878191675,0.0
182,-0.8457785394153037,-0.3530267202212215,-0.6200733316691989,0.4571599360241445,0.0
183,-0.6130363779877122,-0.157802787336612,1.5212916584109517,2.129974977628086,1.0
184,0.0866237359211608,-0.9375658838830554,-0.9842351369555439,1.2016184756494648,1.0
185,0.1370647912407728,-0.5661890496068326,0.8576694700952155,1.4028358647051988,0.0
186,-1.2181301406461453,0.5405223485051749,-1.6344657317985363,0.6502486095125541,0.0
187,0.16341165674441782,-2.1778033358999638,1.3880333779918,1.118384716542005,0.0
188,2.887756618182661,1.4555659066166546,-0.08457455441462738,0.5269452474727926,0.0
189,1.087250944680819,0.003781606630222256,0.3027423754598458,0.9199648996413574,1.0
190,-1.7452475225563528,-1.9083003338759623,0.8402522953520892,2.52139170496054,0.0
191,2.5641623208355693,0.9649547763654267,2.2541330414774494,1.1659885583794392,1.0
192,0.7245516425921099,-0.04250412402106185,-1.1511467775673199,0.03351922300066934,0.0
193,-0.8435657854359517,-0.8696850476478843,-1.076020321011864,0.09984178357819473,0.0
194,0.6045910023973515,0.7151443002649951,-0.14165028709569616,0.36218043475486605,1.0
195,1.8454547769535714,-0.048048300095542895,0.3737831125934748,0.7117255055126485,0.0
196,0.3659040160320386,-1.1166191935433527,-0.304954853048196,-0.5004132417242791,1.0
197,-0.08783753517490622,0.46704201902054915,0.2293227822579015,0.9034506844714529,0.0
198,-0.5257199069353047,-0.7274824192261874,-1.7618041267311422,0.09360877197627998,0.0
199,3.544502488023131,0.9784888093585387,-0.09460344156073335,0.6516821864373593,0.0
200,0.36822351868476605,-0.4007370279026445,1.7054384048279516,1.292531459495215,0.0
201,-0.7584296997438404,0.0448591820499073,-0.49622277414442123,0.6639805822996538,0.0
202,0.6488595241194117,0.5509178417690788,-0.7685315469431251,-0.3648854094074402,1.0
203,0.8421318214798019,0.477669481496984,0.6826370574648873,0.8110132854199386,0.0
204,-0.4579971156548952,1.361763029327804,-0.014242675201013322,0.8390881268382214,1.0
205,0.34227205045420717,-1.1000023308937579,-0.29010033923069284,1.0602616699478422,1.0
206,0.9182467165876911,1.806265148708276,-0.012390342498598723,1.1890985333680857,1.0
207,-0.13831646296122213,0.40352851335495915,-1.727864177331898,-1.1653817167141134,1.0
208,1.918115158975871,-0.6071581171708436,0.14140431166749898,1.5954898604500913,1.0
209,0.28383393021292314,1.0036754144891369,-0.357839954242713,1.3854888440302386,1.0
210,-0.7496994581629899,-1.5279107664848128,0.7619798737518495,0.9128268582523684,1.0
211,-0.9550760236145672,-0.028462428247923832,-0.17450427480104455,0.08072463791591805,0.0
212,0.6862900176328732,-1.009450258210331,-0.22873891529436768,0.14398624986644948,0.0
213,1.2381800593112327,1.7457023712580255,-0.7921636375104077,0.31958770405598774,1.0
214,0.7390625497723223,-0.6065609442697077,0.16927028602381908,0.9379829559710529,0.0
215,0.5416500442456225,0.514075995301271,0.5870109017662085,0.7171721700978654,1.0
216,1.313553873166647,-0.0309477897284956,-0.741077148699543,0.4336715363763921,1.0
217,1.1369724576057443,-0.22714778281061138,-0.06892631257733423,0.45806971943094293,0.0
218,0.6756599456779684,-0.05485214116097381,2.1597975057161403,2.254626560390241,0.0
219,0.5868117163410778,-0.5363772270263412,0.03739858753601917,0.6142712970591255,1.0
220,0.41262287627053484,-0.3106109555391314,-0.2994408276975846,0.2381201664819939,1.0
221,0.23702321909282126,0.7117519616443646,0.8419139874789355,0.6841078039092336,1.0
222,-0.9768106886138372,-1.4535584803956683,-0.8530585373798281,-0.044180812631506305,1.0
223,2.8949994625745687,0.1669797663128409,-0.9086868870294421,-0.11135484531655726,0.0
224,-0.638767320419271,0.3182251154520673,-1.1208565202699423,0.4132496305567911,1.0
225,0.225353706171477,0.9930896997667971,-0.6012215519381924,-0.7510792505737763,1.0
226,-0.5169490021876819,-1.7658631296421576,-3.8208587813327344,-1.048107709863591,0.0
227,0.3659884873902272,0.011456173229905497,0.9523478439527758,0.6264615334361703,0.0
228,-0.4342793934880662,-1.5277230969887534,0.3769663508874098,0.6497669217275786,0.0
229,-0.3327794913591873,-1.7388863970807797,0.5284739380712941,0.8601082782220708,0.0
230,1.8391153816423018,0.8892825713316532,2.7073980541304317,2.2062554663815854,0.0
231,0.29582272726678627,0.0028874249434273636,-0.08700481166919662,1.0521480307223743,1.0
232,-0.3520006958393167,-0.19793515808391843,1.1812333243356985,1.1291783872935273,0.0
233,-0.27655112376904634,-1.661143689234088,0.35945191183281866,0.6202886612436599,0.0
234,-0.2726696573478047,-0.6084222245208304,0.4406472966624881,0.7182532775541842,1.0
235,1.1470752623770306,-0.24340087848476932,-2.1940603174899627,-0.09463571931924653,0.0
236,-0.23657698521776593,-1.7455444395458992,0.824694121770472,2.1354019813637866,0.0
237,0.1819961075158269,0.8524163832616101,0.8237800106448608,0.8051581996975076,1.0
238,0.7769312359593428,-0.7439446639289578,0.5397320759093317,0.8802181033620056,0.0
239,1.061419842847652,0.16261377154032192,-0.7068710901203582,-1.1164809179971256,0.0
240,1.1717854886112682,0.6378720270647131,2.993794611116471,3.1864831821576582,0.0
241,2.4386579980289844,0.45560220067065743,0.9254393268081673,2.5808988461617193,1.0
242,1.0765627422337762,-0.4383834984934783,0.41882936503096435,1.1338078383147572,1.0
243,-0.5959870366519375,-1.3976515410380825,-0.26993238613379544,-0.19012708926370514,1.0
244,1.27889182290392,0.7850899326454261,0.25642846125532776,0.40821201206199864,0.0
245,-0.6604451918558825,-1.0317940238067913,0.3129238609194945,1.2145352670684229,1.0
246,2.52217316914347,1.490527815463901,0.4333701777952507,0.8679974890757011,1.0
247,0.6563300458335912,-0.39596492732188926,0.010927895077727194,0.7070490688383769,1.0
248,0.7788194412710956,-1.7343705984464008,1.2377632455806795,1.2998631493802053,1.0
249,1.3810829647605039,-0.6320265862379151,0.798352436629577,0.983774202887518,1.0
250,-0.05717790288165725,0.688125474680034,-2.5869576700588173,-0.544713800650693,0.0
251,3.537891158695391,1.9402091338562422,0.3928649500050602,1.492036349883258,0.0
252,1.43170341983026,-0.8437186806317951,-0.8800237176424233,-1.0769732005436974,1.0
253,0.805157594482489,-0.2840407155345207,0.0025971620070281178,-0.3013872805177651,0.0
254,0.317829643445525,-0.7774298735709697,-1.406692846902705,-0.30662449399714964,1.0
255,0.14040732378015536,0.6089111904595004,1.0345481513181565,3.045332296778829,0.0
256,2.006102641856433,0.7328477984767314,-0.24778556408709732,-0.5277994140421359,1.0
257,0.9915461481422829,1.4935951154264289,1.0435889554399749,0.1712159323201018,0.0
258,0.5865628624467274,-0.4619384187657519,0.37518184911501723,1.0819604268880312,0.0
259,-0.5117695794327521,-1.024570060666009,0.576038488044757,0.8813087860421935,0.0
260,0.7052142163419541,2.238701919684765,-0.29485664262203315,0.3552989208420103,0.0
261,0.7779789891393598,-0.4903613770551813,1.3688780165622114,0.3898679842747645,1.0
262,0.5354457946172253,-1.1852903423974388,0.08054173211452086,0.7006440860414842,0.0
263,0.8028705594014709,0.2819328125257728,-0.7006971512322804,-0.4486024848442033,0.0
264,1.4178271700210752,0.7218522309681648,-0.5970066349707128,0.29017239108472526,1.0
265,-0.8217160220166704,-1.7909529805946973,-0.16415703143951774,2.1700423515457414,1.0
266,0.8454133298781609,1.9509894850066736,2.2892110781173494,2.1438202730741365,1.0
267,1.6220402648914427,1.696978472021325,0.07834982427234757,1.067868850665189,0.0
268,-0.9221969639448391,-0.3031228886717737,1.0630984220764792,0.5256787669926529,0.0
269,0.6686334246403218,-1.3938060377353947,-0.057729201198282086,0.5732295031115204,1.0
270,-0.8346411195465557,-1.6174773194838297,-0.34802612135808747,0.8172248120826737,0.0
271,1.3276267326356623,1.2882997923609414,1.6045744930322636,1.3504376045395028,0.0
272,0.6379920273342575,-0.40448050229569765,-0.6826321462543495,0.07042500319042433,0.0
273,-0.2520211783567572,-1.3669992160603353,1.031956542608543,1.1277727494420122,1.0
274,-0.2582151489218514,-0.5901378906563117,-2.7366410065694677,-0.14234229304566026,0.0
275,-1.877848758833227,-2.520799710609574,-0.5096094457348265,0.32948995820736204,0.0
276,0.29924744472868053,0.168386894602849,-0.4640151626191086,-0.24424239607399667,1.0
277,2.2241750540240313,0.5040971798307414,0.8087995772515748,0.5563577575923444,0.0
278,0.9323963781229045,0.3647123448934145,-0.2453638214315561,0.272053417672484,1.0
279,-1.7343452866914735,-3.718336418630697,-0.22014379038989523,-0.2647131805708616,0.0
280,0.5917913973690644,-1.5504387630201368,-0.006294044529687263,1.0171760073366096,0.0
281,0.2531909018099507,-1.4604876942231093,1.6849990900659246,2.4768036368029156,0.0
282,0.7456759101202817,1.9194731033423025,0.5282120927785965,1.634195515694981,1.0
283,-0.380160978442206,0.17614506263110458,-1.939986722271286,0.19239636888177541,0.0
284,-0.1385765638414016,0.7865557182316603,-0.5802704797307767,0.39111552573199215,0.0
285,-0.507440565666663,-1.062569057417056,-0.24073989030743592,1.3191376560928867,0.0
286,1.5748567100144992,-1.4253429139868508,0.29471887160287413,0.6315869939362306,0.0
287,1.3213632346516473,1.4097839920271122,-0.04649379541693814,1.014767365527739,1.0
288,1.2279117650847486,1.0127056859919048,0.5638006725827025,2.480057194782899,1.0
289,0.934817388408442,1.0497623329071049,0.013770999397290951,0.6062885550584339,0.0
290,-0.6067498666814899,0.17804868355628706,-0.28090814091789224,0.9401007087613074,1.0
291,0.2570809541035226,1.2995219339977093,-0.05475447529557449,0.6733726490346836,0.0
292,1.020327817558424,0.5436647139310737,-0.6626326751321181,0.22363540308212942,0.0
293,0.9091343670079746,1.1665701330024008,-0.26384267541916556,-0.3064804086039131,1.0
294,0.7114442976205504,-0.3113152834299598,-0.12993595264016736,0.7679743224491393,1.0
295,1.9894979956597272,0.38906362034459213,0.9359897593429594,1.1549221180333822,1.0
296,0.4502259041020429,-0.4113056581410776,1.6282698542757699,0.9494223156846534,1.0
297,-0.5056935988455817,-1.2988842565075807,0.08097174679689235,0.3289482349916195,0.0
298,-1.1890686189335868,-1.3329211354557533,-0.20625912016096376,0.5804910638425068,1.0
299,-0.6070863491628025,-1.4257554180209633,-0.5390739764186574,-1.0770650698231221,0.0
300,0.7706601978246885,-0.42569724412048154,-0.5411228397200399,0.9768729841033055,0.0
301,2.2480391951981433,-0.3303748197678049,-0.5085782084141404,0.42280196400915393,0.0
302,-0.5418239268735408,-1.2679583570801713,0.010072289780539213,-0.6083051173728783,0.0
303,0.4031566892748624,0.6076792125662862,0.6786401737006058,2.5712024768742174,0.0
304,-0.12136329879984065,-1.7214048034659708,-0.03743807291300416,0.5080486304615649,1.0
305,0.32639597845723767,-0.18222471147872488,1.4042909031799151,0.9880588843685105,1.0
306,0.40356479206163237,-1.2742324739254267,-0.027763570593065695,0.7855555408694952,0.0
307,0.32830967841667685,0.26274429072227085,-0.4710182733999202,0.0504478221525092,0.0
308,1.1538728487632035,0.4902081405293634,-0.5348005363239554,-0.7242827454181026,1.0
309,-0.8234585156945124,-0.10331836194769328,-0.9114436912468823,-0.7461506743201173,1.0
310,0.23806780485792828,-0.7230824481561917,-0.16028429173103068,-1.1275343912347617,1.0
311,0.41240965194500584,0.5523933998327615,-0.2175231512254931,0.27695890770262566,0.0
312,1.5128991961303355,1.031010206647805,-1.0553294547364895,0.10743885745313636,0.0
313,0.05544867066767328,-0.4006956006708406,-1.377823998844322,-0.6132467970424383,0.0
314,1.0788783522780963,-0.6981589116658453,-0.03366144811633647,0.29098915375850115,0.0
315,1.0542564442425908,0.1481700113038411,0.8164463145479257,1.373971678447102,0.0
316,1.4718043073618303,1.201182221069368,0.09953191081452946,0.8655280807688759,0.0
317,1.6920388880248092,0.6218115014875631,0.12520102737351652,0.4946371989563617,0.0
318,0.4920261599277456,-0.3914804429215228,0.8130823175262699,0.1515023534774836,1.0
319,0.1656632331347711,-1.197292869119726,-2.677004524741032,-0.32804696696734603,0.0
320,0.12253523559715007,0.856939703620013,-1.5014249716036894,-0.31475644249920676,1.0
321,0.4581974919492675,1.240218662000178,0.6735028963156114,0.8717960095577744,1.0
322,-0.8432441341905677,0.5727179267442184,-0.9633947822866709,-0.32085101466458776,0.0
323,1.3496896394113342,-0.053130056401212544,1.003906418058135,1.629343484002626,1.0
324,1.6498432052651955,0.5342807581785318,0.734862815986492,2.4505468116744367,0.0
325,-0.499829479795017,-0.9009928351847576,-0.2212619018052814,1.2339819660394524,1.0
326,1.330886917104798,0.019093430144382417,1.2426308015292216,2.0510432471123137,0.0
327,1.1626698637465844,0.8471221335151455,0.5549559158590042,0.571583663943801,0.0
328,0.17692268807809475,-0.6026885372546273,-2.0614334925129163,-0.7319965626531467,0.0
329,-0.3314140392402245,-2.12760660331181,-0.7850232755760308,0.9343991181609388,0.0
330,1.531807427159364,0.2109068518280422,0.7482939488660995,1.9048293006744275,1.0
331,-0.4122357345957357,0.8132009599955681,0.08668246071260474,0.3681200560831649,0.0
332,0.09800446677637908,0.7813800998783162,1.1643763588546945,2.5518912673663583,0.0
333,0.08718913180218318,-0.04730489802346233,3.940164971094539,2.1955152981502835,1.0
334,-1.2897078995310192,-1.056445728406086,0.38551747633525246,0.9687632895545631,1.0
335,0.32471215853156327,-0.6160136863836976,-0.22872759518437802,0.11093401666132457,1.0
336,-1.632998704270463,-1.3834688670206279,0.8299066058847393,0.4250511495495891,0.0
337,0.9751928175377108,0.4562572540456257,-0.47175947982392846,0.21559178859850953,1.0
338,0.36940053865693945,0.24992953620018626,-0.6658793747777869,-0.0458110277385011,1.0
339,1.3728422202330395,0.28325247150780525,-0.04026270886416982,0.02108438053955397,0.0
340,1.9522981678758382,0.7275357643485043,-0.8331088087900844,-0.44335864642323985,1.0
341,-0.7765400025501838,-0.990029425625528,-2.6540134699573894,-0.6855439219908429,0.0
342,0.8851032299715709,-1.3526873202703946,0.004780999117139771,0.5789747502771356,0.0
343,-0.30021470802342676,-1.5626802735858887,0.3681203947213279,1.134072380035859,1.0
344,-0.9363508813434063,-1.3838980689613596,-0.7452137493991818,0.20677306837826087,0.0
345,0.5922929388700157,-1.4842812531368574,-0.7789016482336727,-0.8059507253527375,0.0
346,1.2641532111236469,-1.2158706312129053,-0.5795721173378272,0.11193775510874127,0.0
347,1.179588422985405,-0.435260332388535,0.5423909077268324,0.8286386586918731,0.0
348,0.2617498778625579,1.0114651240105874,-0.754829641610703,0.19897159188630836,0.0
349,-1.5557540900339601,-1.2163637160893788,1.4586462072106696,2.0092859998981236,0.0
350,0.9760404078274314,-0.25463667506183735,0.237563969982899,2.0076272799166412,0.0
351,0.05997209270895287,-0.9320044957715106,0.9414518983230409,-1.1990194964780874,0.0
352,0.8364998377755691,-0.6391032050126985,-0.09142809478944386,0.6718119944893334,0.0
353,0.625704509002184,0.870154200643527,0.5976358658239301,0.5512349257896518,0.0
354,0.7516697399267359,1.6766984860650307,-0.16600101307464368,0.11020171029747344,1.0
355,1.1825697832002824,-1.2401880141519295,0.007690045860830438,0.764630861523523,1.0
356,-0.48297469199584697,-1.985418868167639,0.4191175643517672,0.5065808694063972,1.0
357,1.2598061259816218,0.5705515573521138,0.6941961574277568,1.0261845651909658,1.0
358,-1.646428355911767,-0.16404679436886874,-0.0017069623414017886,0.5691883770026888,1.0
359,-0.711228821719599,-0.507510843531191,-0.16200999345051698,0.7798314538736919,1.0
360,0.0928156363039046,0.21053242741695904,-0.5772360345356082,-0.12646031060798046,0.0
361,-1.468533698344198,-0.8472890639342703,0.16992030580681794,1.0041928995682003,1.0
362,-1.0316619141057588,-1.348411646166669,1.0150855899391127,0.2846514274606446,0.0
363,-1.1948635596290156,-2.3530233964500566,-0.6305011811044818,0.24079977439789008,1.0
364,-2.843823452245315,-1.7991732688131936,-0.30784210879583235,0.9994285990626255,1.0
365,0.12528537139544005,-0.97532673984007,0.29647928999117934,1.4007699579970647,0.0
366,0.7436626851682434,0.3696069891142317,-0.05709041816018514,0.2112895213250704,0.0
367,-0.8238582193302719,-2.0395018074652422,-0.5211486321022046,0.06278820019282505,0.0
368,-0.8349815438278589,-1.888848951889223,-0.5964540727117301,0.6753955723024819,0.0
369,0.0065262326873749,-0.12696381674538737,-0.9331069502669169,-0.032353458803460966,0.0
370,1.0201230565224422,-2.182448756610456,-0.024935446975612664,0.777438840049689,1.0
371,0.7527299778244227,-0.6179685633309773,-0.20851935752059092,-0.15514545427806015,1.0
372,0.44497959908518453,-0.6554547829765667,0.22387394713864384,0.642155652315638,1.0
373,1.5748575477068858,-0.9523032712673811,0.42670348546296566,0.4510467816762087,0.0
374,1.4085598237895391,0.44417059278939347,-1.6564852394903848,0.5526448834361727,1.0
375,1.5406338079564454,0.9695011856839388,-1.2443541513136815,-0.1866630625592971,0.0
376,0.17300054710933754,-0.6540600249398052,-0.16261503273684547,1.4533020734265385,1.0
377,-0.3439958745032482,-0.31523681837128514,0.6891428993814032,0.8664658576531501,0.0
378,-0.018285140716523984,-1.3594528045714271,-1.0112407463307165,1.0515144364713007,0.0
379,0.07043020111079523,-0.5472627936452743,0.07734394576064153,0.5425790663437505,1.0
380,-0.5111368395640883,0.727186342338604,-1.1306902102165617,-2.0781213912617136,0.0
381,0.42986969083700044,1.0973932249547327,-0.2966520474349323,-1.1368496611027465,0.0
382,0.8700478098082948,0.5910781586859304,-0.3660213312337215,0.281546685526429,1.0
383,-0.10148820795700297,-0.6713374148094352,-0.47536820219327885,0.4783690941758727,0.0
384,-1.1864498289609748,-1.980669632579264,-1.1604454906110635,0.1447144966411001,0.0
385,2.0049993755273157,1.5759266223727217,-0.05424171772286283,0.8835838056737403,0.0
386,-1.417346257570968,-0.2367891494294267,2.9238144746893338,3.1363692142019746,0.0
387,-1.549136951731788,-1.469096289022746,-0.909672368413673,0.5700892535636979,0.0
388,1.5531077608339412,-0.8934454894371213,0.2724550817881581,0.558119088219441,1.0
389,0.6807689956158969,0.16859700701748076,-0.08827556305495848,0.0012341620820189858,1.0
390,-0.7216717368401289,-1.5720447759241385,0.2048620674929686,0.1873709296859083,1.0
391,0.5710136673959886,-1.0784781852293612,-0.9402580797735223,0.5649100567370756,0.0
392,-0.010913918953852186,0.13261626468757892,-1.7114470168100229,-0.860408734938008,0.0
393,1.0270243043029927,-0.5874419451035295,-3.265670049610995,-3.5921060262237927,0.0
394,1.009669614686931,0.039533195401532384,-0.36651206008449005,-0.8606541153717763,0.0
395,0.9333284395308843,-0.39156842688514587,1.6373082865668607,1.2220861988709293,1.0
396,-0.15892658567910378,-0.17916098878583134,-0.07228250967159175,1.0371543721831364,0.0
397,1.1022571163447838,-0.15095019201000623,-0.3625980501746457,-0.6038176124889681,1.0
398,0.1763016412095042,-0.36574248262512726,-0.2521783918622476,-1.447896423490859,0.0
399,-0.2571827294987513,0.9989260754452265,-0.1846933904436727,0.9677478181724977,0.0
400,1.5732656728129701,0.38392230554263135,-0.658193128814624,-0.016827762951857728,1.0
401,1.3052992886517287,0.7051456203081348,-1.1695156807086153,-0.15831364530253988,0.0
402,-0.4124215727533289,-1.2732809769903417,-3.390282662445063,-2.7813470989285043,1.0
403,2.6777997918858127,0.14762073253066343,-0.20388170108947076,0.5907136165899577,0.0
404,1.0832470959535399,0.4062120410173891,0.9320699739836412,1.4607278863084785,0.0
405,1.6689467181012767,-1.000533060548686,0.6372196388127402,1.4150607430516429,0.0
406,0.4092019905709766,-0.49046310648162883,-0.9629188074736801,0.36288091988663185,1.0
407,-1.3897382072084439,-1.467424255852803,0.468048066001836,0.44671023850866376,0.0
408,1.8890982962023808,1.5635042162616501,-0.5789604996494556,0.5880240664705376,0.0
409,1.4105441443789386,0.7456101691961519,1.3532134205680957,1.3781530952414718,0.0
410,2.839944325034506,1.3581949903208776,0.18948634034434325,0.8010122760129814,1.0
411,0.6981013868045671,0.04920341590092969,-0.1460753001747413,1.3886556620999861,0.0
412,0.9615835382876095,-1.228451192717042,0.5861889415758288,1.3208442783749001,0.0
413,1.296527266622712,-0.6834965684720375,1.4518940718280475,1.2063772464779694,0.0
414,-0.08794084507553546,-0.6316128531489629,-0.8107692443173945,-0.531470342704422,0.0
415,0.22237332992721992,-0.38847608305982395,-0.5849752638903128,0.5308594363024892,0.0
416,-1.67841009812968,0.5789796898873818,1.0821736923919323,0.7658319164448711,1.0
417,0.5379749986876675,0.7198830276334567,-0.477386599678491,-0.9513371511914143,0.0
418,1.8639737210233678,1.2518551994067835,-0.6186097598334526,-0.35476440267355847,0.0
419,0.7795642302823409,-0.4004815776603585,-1.4969793584988098,-0.4817378336942141,0.0
420,0.025739223618239604,-0.40809732588890196,0.2856037011603412,1.243529881327685,1.0
421,2.3349125976130485,0.16949707021853294,0.016865276975889413,-0.5725780955159875,1.0
422,-0.3024347996993,-2.5645846419069223,-0.9495969498983629,0.6481876546733091,0.0
423,1.1306946638630446,-1.7535822484620094,-1.471973490141385,-0.22527104260251318,0.0
424,1.3460971502590948,-1.0993909660099153,-2.4150250697084368,0.31544834180608394,1.0
425,0.9665860235162725,-0.013714871721809796,-0.20477844426619965,-0.9743116103045341,1.0
426,1.9503282573104166,0.16174991301307196,-2.797385039861949,-1.25369447592763,0.0
427,2.294729179947257,-0.38693132720698103,-0.32599270254961865,-0.12035187165611849,1.0
428,0.734341238262957,-0.3334581944111421,0.6456253728092831,1.2991188782402445,1.0
429,0.3744142527892419,-0.5715608213715796,0.40157516080686634,0.40055700016294393,0.0
430,-1.5864417168017724,-1.8040491232705687,-0.4172524626051413,0.563269054791471,0.0
431,-0.8349405049411409,-1.2863530499446703,0.7543732912023386,1.6461897360948607,0.0
432,1.1081452137993049,1.3011006322473777,0.2854354610242524,1.4471414309142592,0.0
433,0.612537655847766,-0.23317497209857574,-0.2085442055588665,0.3756325312216636,0.0
434,-1.9655629108193917,-0.3012914697665754,-0.6872770644064499,1.1814640268823042,0.0
435,2.0266121917346434,-1.4125353229232371,1.4348178422979472,3.352801767510768,0.0
436,1.5690224145551597,0.515561301998064,-0.7384731347947959,0.493414319996528,0.0
437,0.859214431183829,0.7789371324699292,0.12569739996582874,0.9370205407336466,0.0
438,0.8094328649097354,0.7178521328218317,0.0058859151581397975,0.47436848603914517,1.0
439,2.358721373153928,1.5578169441576273,-0.7783963890314435,0.5775567040696234,1.0
440,1.8215769441954217,-0.4588045179760468,0.4050627971362994,0.8938669230447555,1.0
441,-1.4063890096401204,-0.3091125192243928,-0.03336904704825845,-0.8858751118191192,0.0
442,0.6835183260353255,0.5350083994861461,0.1395941965532382,0.7203614368982564,0.0
443,0.6420776143390449,-0.7036895484861707,0.3791302183269266,2.0840060759665477,0.0
444,0.9822702319043146,-1.1699183014274246,-2.0269244466447764,-1.5096735789255127,0.0
445,-0.7449674005812559,-1.1266865701978654,-0.26024704034230384,1.0663731492480781,1.0
446,-0.10638327312497631,-0.2657855788789749,0.316289112307038,0.4291805603755252,0.0
447,1.4437276142216857,-0.0340297962472661,-0.33531289142991993,0.9020396008031375,1.0
448,1.2733570882353722,0.3631943167342843,-0.16684980414826187,0.16636534473242814,0.0
449,-0.9217583863111987,-0.35762003636307593,0.2697106119683644,0.9473364956390653,1.0
450,-0.38732587957471654,-0.8136260771304411,0.7419091788419983,1.282738581678688,0.0
451,-0.8830510833716592,-1.2569731755143227,0.1732341992478387,0.894058510395084,1.0
452,0.8031929335494141,0.9232397169860782,-1.5019104412321302,0.14965243442002069,0.0
453,1.4480371500923672,-0.30511376512400223,-0.5470451248262117,0.10761768392133564,0.0
454,0.6461244715205736,-1.3358357348132552,-0.1724564294543714,0.15739512935032896,0.0
455,1.876825094694289,0.8613372458419992,-0.7206711636412835,1.2504349724388106,0.0
456,1.571574284495383,-0.1960242120576563,0.1052891049494937,0.4421900165035997,0.0
457,1.8408552286174753,0.14886881976930022,-0.8665108500893334,-0.009459537555266184,0.0
458,0.6141917584125974,-0.5489560968506458,-0.8125011223997609,-0.2964122134298962,1.0
459,0.551056059251593,1.0345915264495469,-1.147842766065565,-0.5504707112183097,0.0
460,1.4314776375649823,0.4891427886325583,0.5411931968949125,0.06840240329082803,0.0
461,1.5522070077813663,1.3547091129019797,1.2322492537633982,1.5505338515647844,1.0
462,-0.41041478109791163,-1.331366446263086,-2.11645038332968,-1.4144302190861895,0.0
463,-0.6098516979097186,-0.8114534594095243,-0.19817315875240532,0.3576474174216418,0.0
464,0.5550591120225253,-0.2522528563449171,-0.16483929933218677,0.3426063725243576,0.0
465,2.1394717079989487,-1.1381424845729062,-0.6748743967825787,-1.132193511166379,0.0
466,1.1565351485499744,-1.2234301320607517,0.22677103817745398,0.5065337790546715,1.0
467,0.37048490790265304,0.5265314293640433,0.3629147192121318,0.454363574645959,1.0
468,-0.25225834955814497,-1.025900073740594,-0.5052033963407527,0.49803087104447696,0.0
469,-0.33572385098420554,-2.005011556696231,0.43487016350690605,1.4189061715900473,0.0
470,0.9960574400860225,0.8549256943190142,-0.22716436544615076,-0.9445300747652247,0.0
471,0.1443380781631135,-1.5138567451276133,-0.1933546954062268,0.8941184991428537,0.0
472,-0.014862068684403096,-1.0649918376113574,-0.30609235088598064,-0.9853858808158663,0.0
473,1.1946490548241702,0.09504003326021948,0.20348476856148223,-0.1521330916892094,0.0
474,-0.45963087847645046,0.5332788262826975,0.38199023439064506,0.762210039726076,1.0
475,-0.4292972683710514,-1.7108173702047507,0.9764426728014454,-0.03411781161832983,0.0
476,-0.011994624066989035,-0.9861112067294606,1.2588548810117288,0.7813692344332276,1.0
477,1.0504010108648312,-2.024650057664734,-0.030332674186532228,-0.5756350534281459,1.0
478,0.904091462858522,0.5614045626712874,1.3374470426983758,1.2632023434438904,0.0
479,-0.3257974688878148,-1.5228916136170458,2.5036835872545264,3.5643233904029725,1.0
480,0.7826019381512602,1.6052359136904752,-0.13453612325730413,0.6403143545351851,0.0
481,-1.4583444499104599,-1.245319894804054,-0.18957397814430274,0.17029987657500667,1.0
482,0.34359393763365464,0.5704357796364741,-0.6555288136698617,0.5058954070701961,0.0
483,-0.6400403098563336,-1.2679497638974253,1.513912581369837,0.553419752387433,0.0
484,1.2111657527816222,-0.7696138323072494,0.37272878450581176,1.0849686196847692,0.0
485,1.9781701735548392,0.9994165412060083,-0.1836768872719995,-0.27346455983552487,1.0
486,0.7178967810533095,0.2969067580738716,-0.5487248562919488,0.4190411136766382,1.0
487,-0.006349691967734494,-2.1645672646687855,-1.3775778295498224,-0.03201602367012912,0.0
488,0.3317563635478207,-0.6123625170726423,0.43822843598530603,1.6389281277010803,0.0
489,-0.40413201776025953,-1.0634752228861568,0.7221081643614405,0.10570927925516377,0.0
490,0.03413696960377832,-1.5696631425823182,0.4939834577319597,0.6178395896628038,1.0
491,0.6747100358541015,-0.1922551398854943,1.0406326482174055,1.052180771672482,1.0
492,0.5219115358316266,-1.0729764029687967,0.9371269339250691,0.9072633097384035,0.0
493,-0.8379698963360311,-1.6497663911309697,1.8796684070837595,1.666627394348259,0.0
494,-0.5440231087734162,0.8045524093372274,0.9530319772609307,0.7611580179493972,1.0
495,1.0940447193054872,-0.4731494628130318,0.06711250443446777,0.7691730820790379,0.0
496,1.0116052126662534,0.27181064703358077,2.3547630525427032,0.8140403757830893,0.0
497,-0.5872157865043985,0.08153862565508446,-0.5799382541317275,0.5519795226178997,0.0
498,1.517826092085133,1.1301089180620274,0.8013780503873413,1.3480073659119503,0.0
499,-0.13855038134316466,-0.7588000621768562,0.7941035418008091,1.8497529547759686,1.0
500,2.108684511699253,0.5448002213650935,-1.537112990691122,-0.3454028080874154,0.0
501,1.8198008466770839,-0.08309473632818637,1.0123643479537625,0.788256441012369,0.0
502,1.9322863516937423,-0.21138835589643276,0.46852279012727827,0.8775466650867463,1.0
503,-0.030949333745548868,-0.779088001558597,-0.5598637766554314,-0.23513528072669454,0.0
504,0.6830967386927379,0.26647502881136315,0.22585233398593146,1.205520990450865,0.0
505,-1.7456058409739406,-1.1555443169331785,1.1609828024829378,2.5167523437546295,0.0
506,0.4235556324775589,-0.2558309623687783,0.8244358111423412,-0.023494976895018005,1.0
507,1.812264051416347,0.4450209998616476,-0.7371087829060184,-0.2105189619561577,0.0
508,2.218741736521299,-0.010109782435218428,0.2956501762804909,1.9341396093944478,1.0
509,0.5535091190519942,-0.4550610973568219,-0.11642002774984518,1.0385845829581493,0.0
510,0.46546912342323776,-0.5179650409594859,-1.0617089037751501,-0.7035467603620466,0.0
511,1.1803963861823505,1.4499771229264125,1.3260352956555146,1.134715140548411,0.0
512,-1.64872198514289,-0.23045412871713758,0.1785038444791487,1.1505962403861734,0.0
513,0.296428323207201,-1.619696053060033,0.8686001959264343,1.0754045749970509,0.0
514,0.7490502130581125,0.9841117602108889,-1.1689376552484931,-0.5031960390460187,0.0
515,0.6198356422810885,0.26223515836896755,-0.07629714316640013,0.15933069374174674,0.0
516,0.19469833742639853,-0.5347855595286719,2.229674014439072,1.7292978246165598,0.0
517,1.4979998585412564,1.214289192709482,0.06545322851304321,0.9019724007667252,0.0
518,0.15662710742923985,-0.41552493827013465,-0.391154593369428,0.6584555438187061,1.0
519,1.4903392499495332,0.14665898079278922,0.009254195480655356,1.3437436934321965,0.0
520,-0.6801878441164999,0.3984362620974196,0.03233166472197773,1.901686751941941,0.0
521,0.3441010228132234,-1.1968435112305824,-0.5498140683366394,-1.2981646531297475,1.0
522,-0.5652964525065267,-0.48954385261715544,1.442699258622624,2.368189273151126,1.0
523,0.9221808838481833,-0.233275141581403,0.4031815357123045,0.9327938968875717,0.0
524,0.6879941430922456,0.17455436501503624,4.611058741473946,2.3729180527185347,0.0
525,0.4360332735029594,-1.9547797351660443,0.05095210237169712,0.9587944217420515,1.0
526,-0.19127368217532315,-1.206816849486634,-0.3435394228373746,0.6745208021251383,0.0
527,-0.41826831479641147,-0.522844183211065,0.2783408877749635,0.4364479803177054,0.0
528,0.6836692657277574,-0.666585374852322,-1.9227798177660447,-1.0148390198823338,0.0
529,1.0359431743728067,-0.17866734761076034,0.9401488950284285,0.6648264010869473,0.0
530,-0.611536532306932,-2.4624663548209353,-0.04967256644513905,2.54411282727185,1.0
531,0.3902136073725783,0.41106937879895716,-1.7734018414595234,0.274650675175041,0.0
532,0.29122396086702207,-0.4506072201341901,-0.25681623467153786,0.30054395883230856,1.0
533,-0.5803233830933026,0.1035997703580186,0.1349818718024729,0.15082203325171534,0.0
534,0.42189010406484617,0.7657775835065455,-1.9555798942757858,-0.31195533341810366,0.0
535,1.9483638486159252,0.9520676565562127,0.617073164333928,1.7067293980438634,0.0
536,1.438883770965625,-0.02677611691117282,-0.2251438105052958,1.0211469878226889,1.0
537,1.440533530189488,0.3345221966071376,0.0579353428510505,1.8187597186359632,0.0
538,0.5672774055294029,-0.5923187046788643,0.04241197339215005,1.407037772497325,1.0
539,1.1920568190637502,1.3493486733085454,-1.1454080744778865,-0.7262492296810602,0.0
540,0.6712768429380552,-0.09000535022280307,-1.3162548063833095,0.14780251873195532,1.0
541,1.4454257562795032,-1.7260326704137323,-0.2845764588606691,1.0607691001702488,0.0
542,-0.295982331602466,-1.289857914862535,-0.010681311524987943,0.2002538498301672,0.0
543,0.3267624626205209,0.15148377408117059,0.7696469044937729,2.439146154176524,0.0
544,1.1546374158940638,1.7486608653606022,-0.46792637423515265,0.40925266313538766,0.0
545,1.7588318408801065,0.3616284667595277,-0.19911976691005692,0.3953814875372035,1.0
546,2.2430537305732194,1.8306694191525066,0.019109319409899166,0.6676832984838912,0.0
547,0.1338927720450822,0.8843530548893686,1.7027921383844944,2.7782916655024508,1.0
548,-0.5577427048284691,-0.4248553717098399,1.345084700117028,1.8864182032550394,0.0
549,2.142533186523332,-0.1639279602946312,-1.4840729288335601,-0.09051887981231144,0.0
550,0.3153353602052977,-0.7248808178080118,0.9755744743515705,1.722252108333913,1.0
551,0.6053829391906521,0.7724693034511516,-2.1208019620839926,-1.0754846403098592,0.0
552,0.2854352314853984,0.9601809214256074,-0.03713422267517709,1.2692924728355868,0.0
553,0.428660075313519,0.314750155981624,1.443901647007271,2.184805907286174,1.0
554,1.834055169032351,0.14071962682366923,-1.2652517706699504,-0.3483463578394813,0.0
555,1.9245809856186602,1.2171387886697762,0.48638494879355626,2.559900627440963,0.0
556,1.1149082122246412,2.198468426878014,0.7170485094149786,1.3085931447840786,0.0
557,1.1487765434207167,1.5772392498939305,0.4141918085189251,0.5543972734442993,0.0
558,-0.4183708564449202,-1.0020815824399345,-0.51054132202334,0.22400652496498397,0.0
559,0.9274519371124632,0.4109409215486847,-0.9289635024435342,0.5103348977440871,1.0
560,0.05552715835495392,0.06568536807231934,-1.0715471769375136,0.6070241204042666,0.0
561,0.4166526928832518,-0.3360619421298572,-0.4356011308821125,0.8912682141574293,1.0
562,2.5021657536647535,0.8231338767000804,-0.009927959803430154,0.4222109077519145,0.0
563,0.7891830948415648,-1.4485157564036788,0.27651710510750216,0.19976523187834433,0.0
564,-0.5820302919373426,0.0698225100292234,-0.6371554568792124,0.5823163079992089,0.0
565,0.4467621974080772,0.9585138498967678,1.1342633865240805,4.141953139212751,0.0
566,-2.6893377694175515,-1.6104325190361788,-0.07999239485549862,0.16912793566431572,0.0
567,0.6028912263263864,-1.2517281989221523,-0.7994325132064469,0.39632220832401666,0.0
568,-0.3460163955095621,-0.8198380554388309,-2.2048921703604636,0.838034346382079,1.0
569,0.669087501002293,0.37249998177643756,-0.31965593864753794,0.7205422182583814,1.0
570,0.5593344824230774,0.478792645623115,0.08051834239045758,1.0793898330097191,0.0
571,-0.9541143993367314,-1.5854303949474737,-1.6675739200996924,0.13647240857257148,0.0
572,1.536180434165045,-0.15777638409017183,-0.14264599226091554,-0.31282948544410705,0.0
573,0.2555444701382178,-1.4571403976367512,0.47945561094180883,0.8422388532782317,1.0
574,1.7130310625088607,-0.21651555245995807,0.01991228612700288,1.6073031544457068,0.0
575,0.7911193476136977,-0.6561810668835937,-0.1530413227184819,0.3909273852418014,0.0
576,-0.5570539171137141,-0.22534933545548014,2.0067427188861493,1.750993847160823,0.0
577,-1.4528007641814005,-3.106924412937541,-0.08546862357486298,0.7113515175398156,1.0
578,-0.08838254563828174,-0.44776941109647994,-1.8986677070505862,0.5781804717145012,1.0
579,0.6143759034321085,-0.837116366668704,-0.37629538160780646,0.17518959351482072,0.0
580,0.008054166162256127,-1.3980101744068338,-2.0818881593646585,-0.7468095873371113,1.0
581,-0.6957732417907336,-2.5627650695732425,1.038178334568548,1.147051531980574,1.0
582,0.28567617571335024,0.26264217164277376,0.2704504799535851,0.1153674382289322,0.0
583,0.23728299868571529,-0.9167714014778825,-0.24831533939438755,1.5185340104485925,0.0
584,1.7761446942000048,0.7546318897229223,-0.17744302846789123,0.8580211014622653,0.0
585,-0.6934641937272243,-1.5215131675193982,0.02799593138906977,0.9943342908054704,0.0
586,2.662628044743766,1.1597757869593672,-0.5479998962935491,-0.004151875541546057,1.0
587,0.1531317420805145,0.09897867566520818,0.7544034042898493,0.4655614146735552,0.0
588,0.02378729637296023,-0.4725425125205128,0.06269029937033196,0.6163344464970444,0.0
589,-0.4849911228973043,-1.3984705579291337,-0.10722091219988117,-0.9284424253403275,0.0
590,0.6767332576910021,-1.244978974241757,1.8866013295191413,1.4769877339586799,1.0
591,0.6624889253075532,-1.516724529979318,-1.1269262066540513,-0.15054571533484362,0.0
592,1.7888512799763716,-0.21756446488041553,1.343791195338208,1.321798176010021,1.0
593,1.0145215962379701,-1.0165929935952942,-0.37839667375397495,0.38862948412524523,0.0
594,-0.10526388446395452,-0.2842684034282602,0.7339910904264545,0.9118774619458034,0.0
595,0.1198775359698141,-2.2129534718591466,1.3204985526685262,1.1559333505158254,1.0
596,0.03896862457927963,-0.6955653715506376,-1.1413028516826205,-0.005177016221785791,0.0
597,1.2036631892894751,-0.15584260822173257,1.3260928745609342,1.5229549115469445,0.0
598,-0.5799252654727969,0.2727672677365191,0.26857099207476587,1.1858045124380219,0.0
599,-0.6123162743522008,-1.7468997266697275,0.9409995758789163,1.8594668709635815,0.0
600,1.1503769141983387,0.8238180557510368,-0.30105093775275166,0.5375652506451473,0.0
601,0.34478175602004213,-2.9917760468162506,-0.41995527198965826,0.20282786817199194,0.0
602,-0.6206890587011966,-0.6609108203952716,0.4318996962960769,0.5856384021605194,0.0
603,1.068394451967619,0.752440909410991,-2.221811197338366,-2.2197568574617104,0.0
604,0.8421859516325548,0.7211160410715778,0.5159874624989541,2.3524028373012276,1.0
605,0.613117261191988,-1.2943557917268504,0.009779540842088008,0.45698992817467293,0.0
606,0.3761487740945725,-1.2011801488689922,-1.7409936702198927,-0.6987990477047564,0.0
607,2.617893246941079,1.7001103424442794,-0.13805634741457956,1.0970235990179331,0.0
608,0.028079263044318292,-0.023341658010484323,0.33235675862965264,0.6870138348767173,1.0
609,2.2439225080051606,1.0547132324417747,-0.0954566094007791,0.863797377355203,0.0
610,-0.5535588458674285,-1.284645339935597,-0.04126703013222633,1.6518485591760625,0.0
611,0.7494657084836884,-1.4960742333367527,-0.67925237424095,0.308675270194419,0.0
612,2.0143891210722815,0.9630231107586409,1.0214901364888611,1.0654214581902703,0.0
613,0.5204367205982031,-0.09786660004717357,0.31828345007238557,0.4214006734819338,1.0
614,-0.47491221298449426,0.7284222759217251,-0.19991498645296954,0.3962555790108785,0.0
615,1.8357198698737436,1.0765333154170371,-0.3015882315725365,0.6676862181873793,0.0
616,0.41249969012687004,-1.2316448867634011,0.6677408265457065,0.38978484360763377,0.0
617,0.7198751705765352,-1.2481133522399643,-0.39141405181366273,-0.5934347701835193,1.0
618,-0.8222144849176436,0.6962644569743435,-0.03032252937752183,0.5314139288301547,0.0
619,0.34067757696640033,1.2269353440768274,-1.3956777421610842,0.10097200061131728,0.0
620,0.1006579064116323,-0.4471952092346603,-0.5479654763979759,0.46682487044427623,0.0
621,0.390101971834005,0.49627353178314454,0.9357832074347001,0.6062302729509446,1.0
622,-1.1193310037962916,-2.4141061793212093,-0.11898084238240936,1.2448389851722537,1.0
623,-0.16518798528628453,-0.3835616858846742,-0.256087441748468,0.608875442551559,0.0
624,0.5878448632781633,-2.1340494471541485,-1.1471226806591974,-0.6602325695681283,0.0
625,-0.14524953775697724,-1.4102362884503956,-1.5824638591628297,-1.5835670796737156,0.0
626,-0.7865343006632521,-0.7194612367955795,0.0829870074437069,2.430785314552652,0.0
627,0.46267625314368976,0.06912210268641272,0.44544765475864834,1.1000219553122736,0.0
628,0.9497340978646366,-0.7921703458640834,1.6780246061578226,1.75951777203904,0.0
629,2.1509864338451283,0.5478773695312236,-0.28952720652905484,0.5314618118313039,1.0
630,0.06773491077525257,0.9477200864580808,0.09507748443861,1.2997751448422665,1.0
631,0.5525143457432244,-1.1058377467422693,0.6149361639903157,1.4857395133881433,0.0
632,0.7798429765820152,-1.2089362491425293,0.004805469706812724,0.1391101295391713,0.0
633,0.5911335338015054,-1.1929667264796309,0.26762540484665187,0.905445827999443,0.0
634,1.405342584607061,-0.31311177070949553,0.09319519751163731,4.160046017860061,0.0
635,-0.5947447094958791,0.103108498736113,0.17568014273355068,0.334480767275977,0.0
636,1.1094428563656273,-0.6124713409989191,-0.2434572458389185,0.7615263188600895,0.0
637,-0.46197933160620397,-1.5752934204908877,-1.2824964746973213,0.5225843959461192,1.0
638,-0.45713963695518767,-1.1200865849644,1.063812636171124,2.2841949242576174,0.0
639,0.9666965166260237,0.019496112643467234,0.5613546919918208,0.5779775545188854,1.0
640,0.22635644648042197,-0.15310411476713762,-0.15918106917189048,-0.5339484193458565,1.0
641,-0.056610576024528014,-1.24921667310059,-0.001205483395902819,0.661519731059173,1.0
642,1.8047618862045909,2.425891491656595,0.9468042697000622,1.3254310877955597,1.0
643,0.3961717802268828,-0.7611386825600324,-0.18494584912582876,1.277494426549113,1.0
644,2.1072863938573505,-0.4856924090100756,-0.2193102395068884,-0.009795167347923517,0.0
645,0.7219430786532538,-0.7164675921797902,-0.05947764345578954,1.0273881778073697,0.0
646,-0.5294723188942776,-1.1461570119110513,1.2805207143529187,1.343381646458633,0.0
647,-0.22672189889912353,-0.374933352001561,-0.014852934733140142,0.11323329154929374,1.0
648,0.32303560539560416,0.3464548992614747,-0.30983018258859735,1.167513245354027,1.0
649,0.7268574389871036,-0.9279438375068871,0.3240758834404985,1.0265894762565309,0.0
650,1.1270425828542434,-0.02635204796954299,-0.7664631749505662,0.4188593948051872,0.0
651,0.1737931713527714,-1.0193073187423223,-0.21755290901878468,0.34986670380019336,1.0
652,1.326816234782136,-0.6971849703379481,-0.01875637686673716,0.3678292543226261,0.0
653,0.5459617255570988,-1.5693226286443223,-1.1044319057600007,-0.10838962741921732,0.0
654,-0.9034169814732427,0.019094143815571563,0.6551552943107791,0.6307822523685236,0.0
655,-0.1777239889911303,-1.0915436673445016,-0.24223887131371008,0.48375777058599967,0.0
656,0.27530922412872405,-1.1040429066196245,0.07591823360528932,0.33028916111843565,1.0
657,1.547279450273646,1.285307794723653,0.31043060673418676,0.5657116068230367,0.0
658,-0.7163099216783673,-1.2164579245367864,-0.8719152427289465,0.01901348047784779,0.0
659,-2.1328200248573697,-1.3983514319794719,0.6945389809713923,1.4599887008324104,0.0
660,1.0448308921636635,-1.3660674022216353,1.1029807220120218,0.6786795215029936,0.0
661,-0.054713293088362036,-1.7272025299071385,0.44763370466366464,2.1880438404780764,1.0
662,1.1493944093444866,0.7169473994310263,-0.5824929100678662,0.5631710028311329,0.0
663,0.34301639439621934,-1.568859899210536,-0.3202809711138371,0.9543401633313137,1.0
664,2.1365621772391172,-0.8823249812608362,1.1029896858844825,0.6229526697429244,0.0
665,1.1737610958891749,0.5308104482045513,0.4617381558036046,1.5163999713768348,0.0
666,0.6752047534405573,-0.020241870623664615,-0.6881139653095898,0.2663070077355158,1.0
667,-0.4794107845565233,0.3529511921304322,-2.5435076960822487,-1.592649114296146,0.0
668,0.16840450656663464,-1.8031654988899584,2.39075234777007,1.83402471431913,0.0
669,1.2470696326913808,0.7315760114791137,-0.799320468687347,0.36706537996144584,0.0
670,1.0655646885025791,-0.009651164950059576,-0.9400706743444867,-0.16693879346001195,0.0
671,1.9305824538823733,0.690045769423622,-0.08489732409528959,0.5792868770968758,1.0
672,1.151417316005757,-0.4261564692819688,1.522975966859782,1.0080476741713862,0.0
673,0.25802206694954877,0.526095437407031,-0.270050900201304,0.9510899045671253,0.0
674,0.5751752775959305,-1.366620468257391,-0.49215281546097445,0.47454053014858766,1.0
675,1.6265320244140808,-0.10088139614022917,-1.2486047136383551,1.397862683723806,0.0
676,1.1773982414462985,0.011629637347448984,-0.06011346974749279,0.04792922271629341,0.0
677,1.8953070754831285,-0.07655971469560391,0.528384278740719,2.0259870198757226,0.0
678,2.4003880407144056,1.1292202867035535,-0.9517711923144524,0.23485879310354424,0.0
679,1.5605991844705929,-1.535138018123884,-0.02673648739867047,0.25725003468553187,0.0
680,-0.32070894252731175,-1.5908516785696183,-0.5212964973994,-1.046890181452699,0.0
681,0.33318295793023434,1.541911919583823,0.010032621074440414,-0.11088033737166669,0.0
682,-0.7025739680617544,-1.2354968094635181,-0.14228120705062924,0.051851751230394205,0.0
683,0.8516695727313744,-0.4192553471034297,0.1639384084501203,-0.017377957685711376,0.0
684,2.357468357429049,0.8327651267045899,-1.4526022500159654,-0.9036333801880679,1.0
685,0.3066570183090312,-1.3423232518968724,0.09197436289931393,0.5278109720976492,0.0
686,0.8348613444843711,-0.2644761215166264,-0.08693408004768383,0.10096224150355676,1.0
687,-0.4087978157549439,-0.02337997587427859,0.31358037611797307,1.47047271276967,1.0
688,1.2537415095984183,-0.473993796079082,-2.4384486342640277,-0.5289897440956989,0.0
689,-0.536680631293956,-0.5609590574334735,-0.46838806902783825,0.6993923540251082,0.0
690,1.383332644583906,1.1168065362315438,-0.3891075352316899,-0.2980751664469904,1.0
691,0.35212698646511786,-0.4049722880790183,-2.763494078395057,-1.7784022003640314,0.0
692,0.02653506006918882,-0.6424916823413683,0.8770308071810016,0.9924801057394426,0.0
693,1.3546278565487446,0.0759471947496762,0.7556209276810965,1.360663509759549,0.0
694,1.3331784762659176,0.549356171728089,-2.366833007813104,-2.164289005193002,1.0
695,-1.3974718122781888,-2.430015556883423,-2.0087813719197123,-1.0127651007836929,0.0
696,0.4390799461750621,1.8398186824558735,-0.6639112339448361,0.5357323822877519,1.0
697,0.8105453322437755,-0.8858118486000148,1.1266605989510998,1.171051478153768,0.0
698,1.3213056913807113,-0.32021085015361844,0.4735146242132636,0.971811259955282,1.0
699,1.455308783492513,0.06881000098260787,-0.4293810820574715,-0.13209217069605061,0.0
700,0.29545009930632404,-0.2673996100080215,1.4747106697870116,2.4834397849616763,1.0
701,-0.06905034769613305,-1.274699799267082,-0.2656033569624522,-0.7105208584685064,1.0
702,0.6875422679127619,0.4128476568493144,-0.3414566955327177,0.5824699855908977,0.0
703,1.0462007284409411,-0.4996128845848542,-0.07210740118848508,0.6847536780519108,1.0
704,-1.4846348140155277,-1.7422214812170926,-0.2843517726568419,0.43353627125502503,0.0
705,0.6158721646113025,0.05958344295703705,0.431121232196167,1.2639909554843305,1.0
706,-0.33709941783220665,-1.646395249438796,-0.7215576926912991,0.032025883408521305,0.0
707,1.6926291691764133,-1.1609643617509073,-0.42899701305643173,0.43646172227961755,1.0
708,-0.5640570909761804,-1.1737468915725893,-0.5579761090966974,-0.17947147456789603,0.0
709,-0.9127697506053354,-0.9844749073064618,-0.47412772600157566,0.3327070467704177,0.0
710,-0.3806229466677793,-0.6005718125705289,-0.05438653225162751,-0.5442051260209891,0.0
711,-0.09665981741173557,0.14749646853088283,-0.8013410045939278,-0.2872142894203502,0.0
712,0.5855210624588416,0.31357417509745894,-0.38465611383496884,0.42116730161499827,1.0
713,1.962069378913259,1.2095484148680469,1.2131378931041268,1.2095982798838048,0.0
714,-0.2730931919208204,-1.5178924258777404,-0.23102068934833322,0.18763236965143143,0.0
715,-0.04410169991572377,-1.297277492427791,-0.006513920551047156,0.6031446034009464,0.0
716,-0.3045235628347699,-1.382229568251511,0.6909736294742035,1.1655461250966486,0.0
717,0.24117359527137394,-0.23684143243114206,0.3723488246410038,0.3156896485504798,1.0
718,0.24523700235293922,-0.2706201685806993,1.5926686880344765,0.7015967702931534,0.0
719,1.5787920668177842,-0.06405529745504795,1.4281718585126597,1.6597178076772163,0.0
720,0.7609804881743993,0.733945661530987,-1.4468553776621706,-1.2600387529454684,1.0
721,2.173354056834118,-0.9330096731946949,-2.689098568239367,-0.8145595616558988,0.0
722,-0.004123628210742747,-0.9103547277406148,0.0011886201351587128,0.44550249395956465,1.0
723,1.1880474159857815,0.38808361231720095,1.0540542977567902,1.0633022477442453,1.0
724,1.0696535149642903,-0.26983552265055816,-1.2417344441845353,1.4356350459960394,0.0
725,-0.9188691459090657,-1.5657819416590397,0.557600312338031,0.10738251495231449,1.0
726,1.5967274089611456,0.4509143796377661,0.9950486584826789,0.6757492925936991,0.0
727,0.09104021079552221,-1.3733876312205489,-1.1602791656608902,0.5201642031841339,1.0
728,-2.296579898758506,-1.9620764131511563,0.17761111362322185,1.841271987963205,0.0
729,1.5556339289467238,0.016242132161475686,0.050366375436542446,0.5465058334847326,1.0
730,1.1880269612258152,-1.174688416147221,0.47237996796963644,1.3480052244728298,0.0
731,-0.8169899000477368,-0.9871099504560312,-1.204710451835036,0.12705871045438488,0.0
732,2.9696443775238968,-0.905985142293616,-0.4579287775199318,0.6595478979910059,0.0
733,0.3390781207256772,-0.05135534656323587,1.1845639421617615,1.6072924563056565,1.0
734,0.49951879871956106,-1.9295810457075484,-0.8160029569867916,-0.07858890602737711,0.0
735,0.24823994310440467,0.017370428546378103,-0.6185918998395626,0.9764143087252581,1.0
736,0.3191312475386465,-1.7178055457586825,-0.5411180072709306,0.1149029248910085,1.0
737,0.017014725298663658,0.4463511932805367,-0.23834492340508417,0.6160243574501537,0.0
738,0.08220548892495427,-1.6582603118573898,0.3646612430373299,1.3502394785868308,1.0
739,0.6386574250207371,-0.006763866980964206,-0.08278817850877983,1.596073945994735,1.0
740,1.9723022460684285,1.1659319612416998,-1.4778005889151498,-1.3095077932062482,0.0
741,0.12043585599048395,-0.5580988669592313,-0.6412209826984262,0.11128038570418647,0.0
742,-1.208255329414651,-0.5729088336148597,0.10166629790086545,1.4700481068043514,0.0
743,1.2187691336191677,-0.12250147076343099,-0.4469923073341126,0.13495902336732124,0.0
744,0.18984734070040132,-0.12446758735365868,-0.20110579375516044,0.6446546159141109,0.0
745,2.151339490702404,1.4018247475594061,-0.7166072273758304,0.8904597137867816,1.0
746,0.5234563012316182,-0.5202107750483762,0.24437436514733024,-0.8847211762437749,0.0
747,0.8416358707067707,-0.29575978662513597,-0.8639336327009761,0.3066927656306862,0.0
748,-1.015143863285743,-2.1684089519272387,1.0152806806683043,1.161295530858673,0.0
749,0.822557854305146,0.10157304921607413,0.3215927831414794,1.1558909970464604,1.0
750,0.5327511535973605,0.8253481606363837,-0.44249578195626177,1.3882248573070255,0.0
751,0.4227504137825544,-2.4316386687415434,-0.8138049845363788,0.0034145636982017002,0.0
752,0.22956836056199342,-0.7617150390416423,0.22257295560314946,0.9797712722286873,0.0
753,0.8877072365854988,-0.5931481625071373,1.964144894962321,0.6549015242155142,1.0
754,0.047948456249667815,0.20301477822745,-0.5033314189348443,0.10211429918893455,0.0
755,2.189529445723073,0.15850515456279685,0.2661500614797614,1.9568647181121936,0.0
756,-1.424422894501063,-1.493533547678263,0.030264010623278676,0.8918763188849645,0.0
757,1.4207268585532704,2.2540570274220753,0.33578526968093547,3.000579044401669,0.0
758,0.8919081462552692,0.4127024863874427,-0.22681838690026743,-0.6530298799561974,0.0
759,0.3792056620114342,-0.0735932219128948,-0.3997207568446872,1.729993867319946,1.0
760,-0.16277104697562417,-0.8208251530966957,-0.2377923722434033,0.5372803623861933,1.0
761,-0.2131633040748474,-0.99145724067796,0.1735875971357228,3.214619496253687,0.0
762,-0.24078092775421212,-0.2281797527043909,-0.9225012467971023,-0.31934457463884114,0.0
763,0.4678349705035063,2.2189203449440917,1.844866443953243,1.448575454455274,0.0
764,1.43851239300461,1.1447791455081997,0.4336160067727135,1.6741551025443457,1.0
765,-0.7235978396612925,-1.6241660863418776,0.32993077114339087,1.227214870601288,0.0
766,1.992617638810224,-0.039528164713832525,0.5561145498647776,0.8827122998568642,1.0
767,0.2453159187484079,-0.15711537619403665,0.03456771291700326,1.5049219734407489,0.0
768,0.8730194452051298,-0.7252355033210662,0.03580329700646683,0.5987553026641974,0.0
769,0.332033992134849,-0.11586810645073087,1.4938033608016004,2.72637247475625,0.0
770,0.43663630905617545,-0.2976439165738604,0.47942106456098804,0.34693269737247784,0.0
771,1.9578126247519498,0.5191025780833163,-0.515856944211786,0.6748513755343117,0.0
772,0.9815513613044795,-1.3795682355990626,1.4796380738404906,3.606958183691132,1.0
773,0.0957122709942943,-1.5448657876320582,0.7346637877945295,2.375186707244898,1.0
774,-0.5762650186831273,-1.0560419108033967,-0.15293929941617887,0.8167468602064445,0.0
775,1.834180374980789,2.20156930746402,1.2321979890454988,0.8367110037972589,0.0
776,0.4497541986390307,-1.0945241730076238,-1.3393983954920947,-1.5474578912134627,0.0
777,0.9867186911278282,-0.3220092629294185,-0.46075951834026296,-0.06596420996815966,1.0
778,0.49718547506046706,-0.6265115777068377,-0.7005339070863192,0.3795649050007943,0.0
779,1.0603708058004888,-0.8969875470502517,-0.022618046037503114,0.47868397918054817,1.0
780,1.0475864227900793,-0.6418857006615576,2.593236848085589,2.4801042097470103,1.0
781,2.617489381512895,2.531082395758764,-1.9939734123495496,-1.2112769381272583,1.0
782,1.5490351893090444,0.7035007051572495,-0.38367150100501035,0.18875897298217814,1.0
783,-0.36896316825868003,-0.22666343331149058,0.33160147978083215,0.2982705501767618,1.0
784,-1.943121488001268,-1.6331172942633825,0.7161915320685048,0.366034887108076,0.0
785,-0.23201985415154547,-0.3092848623835692,0.5301098655705963,-0.5137622041738928,0.0
786,0.8016361689702245,-1.2673600325079497,0.12630710354035907,0.7216821078270518,0.0
787,2.5577327603629385,-0.36725565638792107,-1.3133517995796598,-1.2562353141455063,0.0
788,2.294237884449691,1.5105825472010328,0.5424835001170099,1.2394892388010312,1.0
789,1.0619142885124044,0.8052734980360943,0.5150711063641892,-0.014129375588242454,1.0
790,0.2673928036949787,0.49938617335440033,0.5482518305418512,-0.09298425617226891,1.0
791,-1.0590338492447118,0.11828487856492814,-0.036614299506730584,1.100771850102732,0.0
792,0.34888732692166935,-1.0954088265362145,0.21045654257322838,0.7227207581001314,0.0
793,-0.20734581737428426,-1.429610461559083,-1.0847298751478325,0.48857028390668705,0.0
794,0.8144416707989044,-0.7246516216837773,3.260346706676866,4.638154042909121,1.0
795,0.6016939295900156,0.251474065725454,2.443194401173443,3.8375232374367894,1.0
796,-1.0728805373875065,-0.5682712305199435,1.483694064789736,2.0259219441371736,1.0
797,2.602814190367192,-0.5408660195920205,-0.5506261033870892,0.10583515597092952,0.0
798,-1.3120293963077276,-1.5663915577552918,-0.17325085468283571,0.5338320207945013,1.0
799,-0.06908577712626529,-0.1613292396435812,0.03903806049141071,0.5660863580451629,0.0
800,0.8013200521656055,-0.846205895964663,-0.08096421684485812,0.6390068465519826,0.0
801,-0.304573176150879,-0.5100525128782121,-0.14246107815575546,0.43006691094008975,0.0
802,-0.42591041565164645,-0.7481973277299061,0.6915117755102016,1.1248541015103544,0.0
803,-1.0490702451365952,-1.659861068318102,-0.019992685148568168,0.9885277084942286,0.0
804,0.43910565029697524,-1.0675552865195144,-1.098749651025503,0.4214968557081765,0.0
805,0.808001362872951,0.5643157080461727,-1.0732305839511234,0.6529312124776683,0.0
806,0.9717932716095341,-0.02264698393318748,-0.026241563860352986,0.26832625880112826,1.0
807,-1.4050631446756094,-1.6047736689824863,-3.193296140634344,-3.1378407120760756,1.0
808,0.7791417365708306,-1.484686639734247,-0.6193004262287515,0.1257201609197513,1.0
809,1.142355005314493,0.4310838500464201,2.386305450229227,2.0966887491912827,1.0
810,-0.44393414059890635,-1.59407255230511,-0.2414639229894933,-0.013664670902669762,0.0
811,1.3894040932624205,-0.8214275090583925,-1.0745783056564542,0.2669406964046594,0.0
812,1.144565357659919,-0.48517246746276216,-0.09437699208640546,1.4126426499918923,1.0
813,0.4902444220934328,-1.122308650845507,2.426071558732497,1.207275541032176,1.0
814,-1.877420603122114,-2.459291069062107,1.0179773956670752,2.067488677064899,0.0
815,0.5251748417663367,-0.22086709914921174,-0.7153338895059443,-1.0472337169545125,0.0
816,0.7637858998698107,0.26549873414548714,-0.28022959858758645,0.519937359845112,0.0
817,-0.25735539519638595,0.3940427993566818,0.7448888998005321,0.45994331713497266,0.0
818,0.26359116221523937,0.9508956515100828,1.4238162292812715,0.4320232793171952,1.0
819,-0.9258858075778018,-1.6818948325045888,-0.9485751476517865,-0.5319700592635125,0.0
820,2.2965551725689273,0.32486593918878776,0.8257115637560637,2.070254100290576,0.0
821,-0.879107911957586,-1.1380561830372626,-0.5577628722926825,0.8230995558900569,0.0
822,0.25711417972562217,-0.11133460006225515,-0.43098283653500014,0.04771928078429821,1.0
823,1.7071769774838512,-0.28927872779168157,0.1205438937716311,0.7663386277057567,0.0
824,-0.2935665412074191,0.3538249306395507,-1.345329700357529,0.09554459526199643,0.0
825,-1.0550767460693238,-2.0049668404696788,0.48261709014209686,1.6828555782086014,0.0
826,-0.42283335872933614,-2.211283783952988,0.0998062528679517,-0.005092085242246358,0.0
827,1.3800233972522298,-0.20552798137278896,-1.0737817408312895,0.5379281523271607,1.0
828,1.1613909348983982,-0.6585432666601163,0.5091996050953163,0.8233069596916541,0.0
829,-0.5287020090726595,-0.1600984423191751,-1.1055842845817416,0.41549894494888856,0.0
830,-0.8974652144375768,-0.508590300211802,0.09744314715656457,-0.37415511553506386,1.0
831,-0.03262752165498739,-1.4011315561992281,0.663959042895608,0.4706150737955989,0.0
832,-0.039759856066529986,-0.604411452513828,0.04644003468081422,1.2454252920776208,0.0
833,0.8078396530041669,-1.558213762929906,-1.594068798763229,-0.6736922690067252,0.0
834,0.40532510118722864,-0.20834809706640112,-1.9361298487122158,0.23517185767086607,0.0
835,1.0078871721309761,-2.016795323600163,0.7996945565024315,0.8670013062475692,0.0
836,3.1841823147141084,1.9161941809707421,0.5481647465100657,0.5638720592594236,1.0
837,0.6254986711974605,-0.8702684944603529,0.10610665662516346,1.574324159214202,0.0
838,1.8447594576997732,0.596843438254034,-0.944244988629578,0.4430950220995276,0.0
839,-0.12987655890585448,-0.9429667456454744,0.7301463842147392,0.8337226092917247,1.0
840,-0.30322039041190796,-2.5839395464030517,1.6810041181853124,0.8813567804767595,0.0
841,0.9999105663956389,0.25535362879859264,-1.1285841842357185,-0.6584738007192582,0.0
842,0.035938188370083446,-0.30884464618562635,-0.31522914272612795,0.1357168022548788,0.0
843,0.5206844063474626,-0.42427517731848596,1.3563801242374203,1.3112108396316493,1.0
844,0.6958764632459673,-1.319114713275977,-0.830640222803793,-1.684349737331961,0.0
845,0.6715320605397145,1.252285811026344,-0.8764693470120102,-0.7397796623529583,0.0
846,2.6512665344125574,-0.11646303069177161,-0.6806128567076752,0.14149213036109776,0.0
847,0.40681899618189477,-1.1817988031694704,-1.418713019519963,-0.3230430473690947,1.0
848,1.3623078284055545,0.15300864099177858,2.211219731171993,1.1951032490319569,0.0
849,0.2284300700964631,0.49247193650618,-0.48014716222303827,-0.6555101879823656,1.0
850,0.09472155385085118,-1.5633406260654312,-0.6030670710216209,-1.0877477595070162,0.0
851,-0.91446759157469,-0.955363334023841,0.28392882469050185,-0.49099634636016776,1.0
852,2.062154854882542,0.9639895902207383,4.027802429978461,3.623665605700763,0.0
853,1.4024736782120508,-0.36880775891744716,0.912347440263412,1.069815101407411,1.0
854,-0.47127897609643954,-1.1716237742130395,0.04388453716757316,1.4957889104382431,0.0
855,1.3390756063983504,-0.6060976086955608,0.9015039900914529,1.0098073561883536,0.0
856,-0.0076665397677502245,-0.951660406394121,0.939261303269856,0.16536703086698484,1.0
857,0.7204803267602652,-0.3557767793505191,-0.49324066628970786,0.9003577770975844,1.0
858,-0.6818097855909317,-2.233477245141801,-0.92376020231049,0.2012945341777055,0.0
859,0.5771626926490774,0.39386330190073066,0.26397598892145707,1.2588168889914757,0.0
860,0.18516403869343268,0.26369591544678567,-0.5655806840926466,0.30704337332243997,1.0
861,1.2554172533817218,0.6314168056397358,0.39553815288403527,1.4407796902621923,0.0
862,1.0009222115733145,-0.5594978559664507,-1.5298480945131996,-0.383312894325588,0.0
863,0.7781660297434438,-0.22733748692077455,-0.10563737420007162,0.7957695319381045,0.0
864,-0.862805675622996,-1.6296818776883137,-0.5519043219334422,1.6139558172534958,0.0
865,0.6725026459005288,-0.8588248882675247,1.3249868549299983,2.387579416091267,0.0
866,0.9441557156158232,1.9182852000233683,0.07621206535018232,-2.495448186239778,0.0
867,-0.0465750580713441,-1.0185893761675215,0.7544694473306298,1.2133114490252601,1.0
868,-0.369368607528874,-1.9817845024831264,0.66031077738951,0.7009858048230595,1.0
869,-0.4854135243694866,-0.4821162852418067,-1.076410321819,-0.9549106020564463,0.0
870,1.518602301769459,-1.0394250877554514,-0.4160109565608633,0.14869287904447454,1.0
871,-0.35376711350141643,-1.1715835545734996,0.2873295551682008,1.166505025091825,0.0
872,2.306081481629426,0.594011166920406,0.3166667625372332,0.7794923769583572,0.0
873,0.7361903817696349,0.5071171014722593,2.6617504507608314,1.8207645819190321,0.0
874,1.0113515670910962,-0.21254155653507179,-0.7173840039664057,0.005950946627493847,1.0
875,1.2396563980570638,0.6263255060231174,0.44121753020379967,0.5908107778771612,0.0
876,0.5085872723273861,0.26438959261557243,0.453648614508742,0.35293693057021047,0.0
877,-0.2705483276466063,-2.414119307441196,-0.3702295789703667,0.9198610039627306,0.0
878,0.5463195540632546,0.5132560876319143,0.19478580953951813,0.1659548709562983,1.0
879,0.488838030156002,0.4739451878816953,-0.7111637019268127,-0.58531571795057,1.0
880,1.173392185539245,0.8398332821409065,-1.6232189266400967,-0.14341925839336978,0.0
881,0.595968829398563,-1.2399535604101077,-0.15110675550239844,0.5776929973440904,0.0
882,1.8243630405556936,-0.3892075473658696,1.0641566889229277,0.8075220882797793,0.0
883,0.9384929441225496,0.44899414850247804,-0.4801238282937436,-0.6163842098420914,0.0
884,1.641995209321906,-0.13988680018583094,0.9937388649744894,2.5374345209409044,0.0
885,1.289465746545699,-0.6160055532210922,-0.3115138813574273,-0.09773985792510143,0.0
886,2.9879331843096004,1.2449995866834058,-0.7566067778142752,0.718692390715625,0.0
887,1.5323444760657323,0.15427789643672035,-2.0069606397484785,-1.4623988850208325,0.0
888,2.323489420705833,-0.0038933471914698314,-0.6237732349715194,0.2710677340117321,1.0
889,-0.7728809362435864,-0.9684542873358855,-0.2969316960972598,0.2602290192547373,1.0
890,0.37160015614101777,-0.6298870539794503,1.8400275131876382,1.2968455274903843,0.0
891,-0.39946044990826346,0.025982681094929017,-0.6390299517192468,-0.09067193419674768,1.0
892,1.591253676529149,0.8390911227930424,-0.1941813605493271,-0.0621367483601617,1.0
893,-0.4104361054388319,-0.6067563138797044,-0.7315557049565139,-0.24745916242041233,0.0
894,2.0532287609260758,0.6049319974829646,-0.0050095456321957756,0.6544776947149333,0.0
895,1.1345343888718347,0.1035513114350784,-0.11690146312325317,0.503063032684053,0.0
896,-0.17776401015623244,-0.4180233297964899,1.445166788092196,0.6919237897962895,0.0
897,1.9020332780850788,0.19210236719878698,-0.7911952205823449,0.23479428508447409,0.0
898,0.022846712732300323,-0.10021501484596679,-0.711187987821983,0.23156752561101912,0.0
899,-1.8455391243466321,-1.1891970374564877,-1.4949551411909752,-1.6532281409178018,0.0
900,0.77071186364238,-1.9689024496380183,1.4686548879736427,0.7006865511451592,1.0
901,0.7711966012756721,-0.7097653996223607,-0.33321364437928114,-1.9334495528817595,0.0
902,1.2291641606762302,-0.3323336645732576,0.6407342572630033,1.068692803573858,1.0
903,-0.24572651591101335,0.06478491283541399,-1.591294042667932,0.0179386255053382,0.0
904,-0.06072855979213809,-0.10494636592868828,0.736700829788803,1.4423971722251943,0.0
905,-0.2621796180257494,-0.9156859779137831,-0.09749317974755091,0.6545287642250341,0.0
906,0.5360425554475975,-1.2895680500661306,-0.34821701605555794,0.13902638324741623,0.0
907,0.35739175302833465,0.38853783120432944,-0.2748132248959335,1.3890959070866518,1.0
908,-0.18308945014724676,0.19765915035116216,-1.0621085385798286,-0.5099015588815606,0.0
909,0.9278194996224984,-0.2555345717244264,0.34934678019911986,0.5139209556162236,1.0
910,-0.2827371108385057,0.7058198591976808,-0.10910724090612454,-0.024307673636032145,1.0
911,0.82920288984684,1.1199233175866987,-1.6492999339730996,-0.2886325011478056,1.0
912,1.604834031717668,0.8228805287709313,1.1845253852187942,2.027156411191065,0.0
913,1.5682768583353657,0.8517226200847807,-0.9963284861484711,0.5189046090786017,0.0
914,-0.5225130189724663,-3.185351192790517,0.10420117115901498,0.30344274386587206,1.0
915,0.1303168061005574,-1.3711473264862055,0.3644574329791394,0.657911861847809,0.0
916,1.232402075310231,0.7300124422256336,0.043087047870060756,1.0993244160622253,0.0
917,-0.3333947584051683,-0.06610098659211605,-0.04229633994904107,1.1115734158717934,1.0
918,0.38999126389688976,-0.1905346002293631,-4.34928493874088,-2.6000821108065266,1.0
919,-1.307945088551854,-0.8509671609485427,1.2021753591546096,2.374191389722909,0.0
920,1.0725696872447803,0.049601501213567545,-0.8196395316665849,-0.5674321293853578,1.0
921,-1.6074306186516187,-0.9459593489494196,-0.5452630737863707,-0.6012119405739923,1.0
922,-0.48411521977468364,0.16544507586749502,-0.8345506757156417,0.03756549072251825,0.0
923,2.1574246576120526,-0.6241177394338804,-0.7126582832116435,0.620067601085544,0.0
924,-0.38210187608234725,-1.4955497695873996,-0.1039525646710772,0.4371167910182103,1.0
925,2.4589782000754368,-0.18702889328281672,-0.40749663502278893,1.0941255091522644,0.0
926,2.136641510877121,0.5562411780192809,2.4696506569417846,5.334161594113673,1.0
927,0.1062141590532234,-0.6455628956802939,-0.11768271586822131,0.6139735109255867,0.0
928,-0.29459219970340267,-1.5711553511537815,0.5512148848618643,0.8552613808318135,0.0
929,1.0609251055293014,1.2478754904509157,-1.0408344107248808,-1.3823745980618538,0.0
930,1.9472803108375658,-0.5606092378521447,-0.4691434487216027,0.4984793806035118,0.0
931,-0.1660842825506348,-0.10193855949099137,-0.2787928633648779,1.0124145797167952,0.0
932,-1.1221515939666096,-0.24069431121213167,0.026739464668441754,0.8758352923759936,0.0
933,-0.421116238697397,-0.36635414179618825,-0.2752137577706389,1.3547971548845956,0.0
934,2.1731982467195157,1.149644934249343,0.7440155710291583,0.4425127144982488,0.0
935,-0.5805076126996462,0.3134358080041733,-0.2651678277682899,0.6134601481899075,0.0
936,0.015254940722941035,-0.26981103062251266,0.26823851883924976,0.08932534789881069,0.0
937,-0.5657482876000359,-0.948109080145642,-0.09946313451396378,-0.28188628014645767,0.0
938,0.7037414842621081,-0.3806347026013374,0.7279384085323296,0.6315322477386504,0.0
939,-2.9417005382529173,-0.9170808894322939,1.4093787397200876,1.2046846519877161,0.0
940,0.1369954348028919,0.7553270968390187,1.0727883765530295,1.63199817032227,0.0
941,-0.01530247328720502,-0.02358413102151985,0.0691300012707046,0.6755073801518829,0.0
942,-0.75298501584561,-1.4368480413537132,-1.1960106259589378,-0.009511364652505239,0.0
943,0.0880857517468614,-0.8775629250715158,-0.7872449293021202,0.6190975288122851,0.0
944,-0.4090196085352299,-1.8100728645857318,0.38358203726147017,0.9386587527232547,1.0
945,0.3581476799726572,-0.9686612633043419,-2.990975623881283,-1.424351092223839,1.0
946,-0.5415635448854301,-1.7276704881873255,0.8177755171781549,0.8194638765603572,0.0
947,0.7389469567166874,-0.379908724251327,0.7765010450924905,1.5079179576836441,0.0
948,2.0859194550523608,0.6895673877534529,-1.5404494539662448,-0.5037891495535923,1.0
949,1.7463765335298884,-0.5369049308779598,-0.5096935098066506,0.6196075401605649,0.0
950,-0.147274707677428,1.2001995703980612,0.06054851126438597,0.7442860888807268,1.0
951,0.45087671339120755,-1.1373397279497424,0.4176834805540906,0.8013202178963394,0.0
952,-0.8950390524566061,-1.0642085922246605,-0.2916275027221299,0.5691884660739917,0.0
953,1.26093073385359,-1.4497464871955263,-0.48088799661849946,0.7929168299039977,1.0
954,0.9101978049652262,0.39304488753288686,-0.401063546100771,0.7018564055888071,1.0
955,-0.7412846605604819,-1.3513002450241027,1.3126627448746788,0.7393225865713112,0.0
956,-1.9321647662081052,-2.35504899779784,-0.3415813790500767,-0.9418669368882239,0.0
957,-1.5623198994618175,-1.3287645102140708,0.2271105788610023,1.1393242272235553,0.0
958,0.9152105761972313,-1.7666452270198587,0.37549724875878776,0.8035974436392321,0.0
959,0.39781062212203594,0.4289117402216887,0.045738078646872536,0.927792614844928,0.0
960,1.7458447403754551,2.3415500091202857,0.34157135510305253,0.5207324968283743,0.0
961,-0.1358261489525242,0.954136261645838,-0.23529075769350608,1.6921283790460913,1.0
962,0.4813915031962138,-0.4559843117349156,0.036493811910500586,0.578925559416729,0.0
963,0.4550451332222982,-0.13482473782649693,-1.485826807631217,0.22803748975741395,1.0
964,0.9935451372777707,-1.5105136410322288,0.05612074003797825,0.8728621446300102,1.0
965,-2.1337422630186014,-1.1444541589957264,0.6865341215678106,0.6100999573038228,1.0
966,0.9586907078374416,-0.8467677491680978,0.17338449456770522,0.9459129188599046,0.0
967,1.7454397058129925,0.7198930588932162,0.44409688939365405,0.6822124008430018,0.0
968,0.07801046611431206,-0.29986497141926766,-0.7850475728742117,-0.8495520771589743,0.0
969,2.3758263000283253,1.9301140666615308,-0.6044758854243506,-0.6211737727337278,0.0
970,0.4630179771303148,-0.2646859032520708,1.300236818018089,0.864191960091828,0.0
971,1.6828534944600393,1.445747953538483,-1.06705188310564,-2.2897516058714653,1.0
972,-0.8523870724852274,-1.2562470987657641,1.2512043943931517,0.5663589536807258,0.0
973,-1.4788904639606577,-1.3875409657043316,-0.7743714758618279,-0.15930299849419727,1.0
974,1.6746781974687015,-0.061195153818019266,-1.0700694143043217,-1.1410768796017772,0.0
975,1.245220620449886,0.1738518671732136,-0.9948139198881757,-0.2830827924037814,1.0
976,0.581023321523953,0.755127812045058,-1.6321614605971289,-0.016784858248159673,0.0
977,0.8490996038353626,-0.6554320357538599,-0.42068289235577616,0.6512592563491288,0.0
978,0.12641963117118438,0.10195832814755329,-0.732680111429114,0.7282930374221348,1.0
979,0.06655706088984298,-1.6607289272017078,0.6766937567630394,0.2842623261419806,1.0
980,-0.9941883759146213,-1.9184798308715691,0.7017272433694349,1.2246969746043295,1.0
981,-0.25084095542274465,-2.591323294091726,0.8545791437865304,1.2287372030177335,0.0
982,-0.7868067300150303,-1.2487687800812548,-0.6311240411331043,-1.8206996511928493,0.0
983,1.7823020516164032,0.9784701701024905,0.08093900216928414,0.7256830469170087,1.0
984,0.09238628307012531,-1.1415741922745244,0.12226811504502245,0.5056257708669263,1.0
985,0.5465465092154096,0.2932562357412815,0.939379906103535,0.9905185165734094,0.0
986,0.35383084462505177,-2.4946631785794726,-0.5319895644519963,0.4844281787216047,0.0
987,1.478382486486495,-0.937135258552569,0.2989759681303098,1.2872331229055076,0.0
988,0.48784742071962595,-0.5413131211877863,0.08942419367430661,0.5580961808863604,0.0
989,-0.451316415438598,-0.41312659341824254,0.6096382399982206,0.9479037347768171,0.0
990,1.6618816150259308,-0.6089542082618036,0.44305778794235634,1.4377794018444037,1.0
991,0.6580766830172913,-1.0988461670441154,-0.042132354563678136,0.24081314846103874,0.0
992,1.6796695178488545,1.1739579126331319,0.034916283240826476,0.019998142642927985,0.0
993,1.7642390651372266,0.45309864054721644,-0.3631191771634931,-0.3643372023934083,0.0
994,0.29882921460892864,0.09354689777917491,-0.2667877112477373,0.5194509503413516,0.0
995,0.6174308826819986,0.5508788924312895,0.7961410917025795,2.075935603000694,1.0
996,1.6585004588910792,1.0819695432547187,-0.1264962028631609,0.8883376961637355,1.0
997,1.4003079420661702,0.0030915542141441432,-1.0621582232780282,0.6488256011748441,0.0
998,0.5504781585369161,-0.06841831900283668,0.3767421243017455,0.8616308740656058,0.0
999,-0.178317708893323,-0.573186646467345,0.19569768100992369,1.1893467649479956,0.0
